Month,DivisionCode,Division,CPI Index,YoY %
1981-01-01,01,Food & Beverages,35.8,8.16
1981-01-01,02,Alcoholic Beverages & Tobacco,19.9,15.03
1981-01-01,03,Clothing & Footwear,91.9,8.5
1981-01-01,04,"Housing, Water, Electricity, Gas & Other Fuels",52.2,10.36
1981-01-01,05,Furnishings & Household Maintenance,62.3,6.86
1981-01-01,06,Health,40.9,8.49
1981-01-01,07,Transport,40.3,11.33
1981-01-01,09,"Recreation, Sport & Culture",71.6,4.07
1981-01-01,overall,Overall CPI,43.5,8.21
1981-02-01,01,Food & Beverages,36.7,10.21
1981-02-01,02,Alcoholic Beverages & Tobacco,20.0,15.61
1981-02-01,03,Clothing & Footwear,92.8,9.43
1981-02-01,04,"Housing, Water, Electricity, Gas & Other Fuels",52.2,9.89
1981-02-01,05,Furnishings & Household Maintenance,62.6,7.01
1981-02-01,06,Health,41.1,8.16
1981-02-01,07,Transport,40.6,12.15
1981-02-01,09,"Recreation, Sport & Culture",72.0,4.05
1981-02-01,overall,Overall CPI,44.0,8.91
1981-03-01,01,Food & Beverages,37.1,11.41
1981-03-01,02,Alcoholic Beverages & Tobacco,20.5,18.5
1981-03-01,03,Clothing & Footwear,93.8,9.71
1981-03-01,04,"Housing, Water, Electricity, Gas & Other Fuels",52.2,9.89
1981-03-01,05,Furnishings & Household Maintenance,63.1,7.13
1981-03-01,06,Health,41.2,8.14
1981-03-01,07,Transport,40.6,11.85
1981-03-01,09,"Recreation, Sport & Culture",72.1,4.34
1981-03-01,overall,Overall CPI,44.4,9.9
1981-04-01,01,Food & Beverages,37.1,11.75
1981-04-01,02,Alcoholic Beverages & Tobacco,20.5,17.14
1981-04-01,03,Clothing & Footwear,93.9,9.7
1981-04-01,04,"Housing, Water, Electricity, Gas & Other Fuels",52.2,9.89
1981-04-01,05,Furnishings & Household Maintenance,63.4,7.46
1981-04-01,06,Health,41.9,9.97
1981-04-01,07,Transport,40.7,11.81
1981-04-01,09,"Recreation, Sport & Culture",72.4,4.78
1981-04-01,overall,Overall CPI,44.6,10.95
1981-05-01,01,Food & Beverages,37.2,11.38
1981-05-01,02,Alcoholic Beverages & Tobacco,20.5,17.14
1981-05-01,03,Clothing & Footwear,94.4,9.51
1981-05-01,04,"Housing, Water, Electricity, Gas & Other Fuels",52.7,9.34
1981-05-01,05,Furnishings & Household Maintenance,63.6,7.07
1981-05-01,06,Health,42.2,9.61
1981-05-01,07,Transport,41.6,10.64
1981-05-01,09,"Recreation, Sport & Culture",73.3,6.08
1981-05-01,overall,Overall CPI,44.8,10.34
1981-06-01,01,Food & Beverages,37.6,11.57
1981-06-01,02,Alcoholic Beverages & Tobacco,20.5,17.14
1981-06-01,03,Clothing & Footwear,94.9,9.58
1981-06-01,04,"Housing, Water, Electricity, Gas & Other Fuels",53.1,7.71
1981-06-01,05,Furnishings & Household Maintenance,64.0,6.67
1981-06-01,06,Health,42.3,9.59
1981-06-01,07,Transport,42.1,11.67
1981-06-01,09,"Recreation, Sport & Culture",73.3,5.92
1981-06-01,overall,Overall CPI,45.1,10.0
1981-07-01,01,Food & Beverages,37.7,11.21
1981-07-01,02,Alcoholic Beverages & Tobacco,20.5,12.02
1981-07-01,03,Clothing & Footwear,95.3,9.79
1981-07-01,04,"Housing, Water, Electricity, Gas & Other Fuels",54.7,10.73
1981-07-01,05,Furnishings & Household Maintenance,64.5,6.79
1981-07-01,06,Health,42.5,9.54
1981-07-01,07,Transport,42.4,11.87
1981-07-01,09,"Recreation, Sport & Culture",73.7,6.2
1981-07-01,overall,Overall CPI,45.5,10.17
1981-08-01,01,Food & Beverages,38.2,12.35
1981-08-01,02,Alcoholic Beverages & Tobacco,20.6,11.96
1981-08-01,03,Clothing & Footwear,95.6,9.01
1981-08-01,04,"Housing, Water, Electricity, Gas & Other Fuels",54.7,10.28
1981-08-01,05,Furnishings & Household Maintenance,64.7,6.59
1981-08-01,06,Health,42.7,8.65
1981-08-01,07,Transport,42.5,7.59
1981-08-01,09,"Recreation, Sport & Culture",74.1,6.77
1981-08-01,overall,Overall CPI,45.8,9.83
1981-09-01,01,Food & Beverages,38.3,13.65
1981-09-01,02,Alcoholic Beverages & Tobacco,20.6,11.35
1981-09-01,03,Clothing & Footwear,95.8,8.62
1981-09-01,04,"Housing, Water, Electricity, Gas & Other Fuels",54.7,9.84
1981-09-01,05,Furnishings & Household Maintenance,64.9,6.57
1981-09-01,06,Health,43.0,8.31
1981-09-01,07,Transport,42.6,6.23
1981-09-01,09,"Recreation, Sport & Culture",74.1,6.62
1981-09-01,overall,Overall CPI,46.0,10.58
1981-10-01,01,Food & Beverages,38.3,12.65
1981-10-01,02,Alcoholic Beverages & Tobacco,20.6,11.35
1981-10-01,03,Clothing & Footwear,96.3,8.94
1981-10-01,04,"Housing, Water, Electricity, Gas & Other Fuels",54.7,9.62
1981-10-01,05,Furnishings & Household Maintenance,65.0,6.04
1981-10-01,06,Health,43.3,8.25
1981-10-01,07,Transport,42.6,5.71
1981-10-01,09,"Recreation, Sport & Culture",74.2,6.76
1981-10-01,overall,Overall CPI,46.0,10.05
1981-11-01,01,Food & Beverages,38.5,11.92
1981-11-01,02,Alcoholic Beverages & Tobacco,20.6,4.57
1981-11-01,03,Clothing & Footwear,96.5,8.06
1981-11-01,04,"Housing, Water, Electricity, Gas & Other Fuels",54.7,9.4
1981-11-01,05,Furnishings & Household Maintenance,65.1,5.68
1981-11-01,06,Health,43.4,7.96
1981-11-01,07,Transport,42.8,4.65
1981-11-01,09,"Recreation, Sport & Culture",74.2,5.4
1981-11-01,overall,Overall CPI,46.1,8.73
1981-12-01,01,Food & Beverages,39.0,11.75
1981-12-01,02,Alcoholic Beverages & Tobacco,20.7,5.08
1981-12-01,03,Clothing & Footwear,96.5,6.98
1981-12-01,04,"Housing, Water, Electricity, Gas & Other Fuels",54.7,9.18
1981-12-01,05,Furnishings & Household Maintenance,65.2,5.33
1981-12-01,06,Health,43.4,6.9
1981-12-01,07,Transport,43.0,5.13
1981-12-01,09,"Recreation, Sport & Culture",74.3,4.5
1981-12-01,overall,Overall CPI,46.3,8.43
1982-01-01,01,Food & Beverages,39.4,10.06
1982-01-01,02,Alcoholic Beverages & Tobacco,20.7,4.02
1982-01-01,03,Clothing & Footwear,97.1,5.66
1982-01-01,04,"Housing, Water, Electricity, Gas & Other Fuels",56.3,7.85
1982-01-01,05,Furnishings & Household Maintenance,65.5,5.14
1982-01-01,06,Health,43.6,6.6
1982-01-01,07,Transport,43.0,6.7
1982-01-01,09,"Recreation, Sport & Culture",74.9,4.61
1982-01-01,overall,Overall CPI,46.8,7.59
1982-02-01,01,Food & Beverages,39.9,8.72
1982-02-01,02,Alcoholic Beverages & Tobacco,20.7,3.5
1982-02-01,03,Clothing & Footwear,97.6,5.17
1982-02-01,04,"Housing, Water, Electricity, Gas & Other Fuels",56.3,7.85
1982-02-01,05,Furnishings & Household Maintenance,65.6,4.79
1982-02-01,06,Health,43.8,6.57
1982-02-01,07,Transport,43.0,5.91
1982-02-01,09,"Recreation, Sport & Culture",75.1,4.31
1982-02-01,overall,Overall CPI,47.1,7.05
1982-03-01,01,Food & Beverages,40.0,7.82
1982-03-01,02,Alcoholic Beverages & Tobacco,20.8,1.46
1982-03-01,03,Clothing & Footwear,97.6,4.05
1982-03-01,04,"Housing, Water, Electricity, Gas & Other Fuels",56.3,7.85
1982-03-01,05,Furnishings & Household Maintenance,65.7,4.12
1982-03-01,06,Health,44.0,6.8
1982-03-01,07,Transport,43.1,6.16
1982-03-01,09,"Recreation, Sport & Culture",75.2,4.3
1982-03-01,overall,Overall CPI,47.2,6.31
1982-04-01,01,Food & Beverages,40.1,8.09
1982-04-01,02,Alcoholic Beverages & Tobacco,20.8,1.46
1982-04-01,03,Clothing & Footwear,97.7,4.05
1982-04-01,04,"Housing, Water, Electricity, Gas & Other Fuels",56.3,7.85
1982-04-01,05,Furnishings & Household Maintenance,65.8,3.79
1982-04-01,06,Health,44.1,5.25
1982-04-01,07,Transport,43.1,5.9
1982-04-01,09,"Recreation, Sport & Culture",75.3,4.01
1982-04-01,overall,Overall CPI,47.4,6.28
1982-05-01,01,Food & Beverages,40.4,8.6
1982-05-01,02,Alcoholic Beverages & Tobacco,21.3,3.9
1982-05-01,03,Clothing & Footwear,98.0,3.81
1982-05-01,04,"Housing, Water, Electricity, Gas & Other Fuels",56.3,6.83
1982-05-01,05,Furnishings & Household Maintenance,65.9,3.62
1982-05-01,06,Health,44.2,4.74
1982-05-01,07,Transport,43.1,3.61
1982-05-01,09,"Recreation, Sport & Culture",75.5,3.0
1982-05-01,overall,Overall CPI,47.5,6.03
1982-06-01,01,Food & Beverages,40.7,8.24
1982-06-01,02,Alcoholic Beverages & Tobacco,21.3,3.9
1982-06-01,03,Clothing & Footwear,98.4,3.69
1982-06-01,04,"Housing, Water, Electricity, Gas & Other Fuels",56.7,6.78
1982-06-01,05,Furnishings & Household Maintenance,66.0,3.13
1982-06-01,06,Health,44.5,5.2
1982-06-01,07,Transport,43.1,2.38
1982-06-01,09,"Recreation, Sport & Culture",75.6,3.14
1982-06-01,overall,Overall CPI,47.7,5.76
1982-07-01,01,Food & Beverages,40.8,8.22
1982-07-01,02,Alcoholic Beverages & Tobacco,21.3,3.9
1982-07-01,03,Clothing & Footwear,98.7,3.57
1982-07-01,04,"Housing, Water, Electricity, Gas & Other Fuels",57.9,5.85
1982-07-01,05,Furnishings & Household Maintenance,66.2,2.64
1982-07-01,06,Health,44.6,4.94
1982-07-01,07,Transport,43.2,1.89
1982-07-01,09,"Recreation, Sport & Culture",75.6,2.58
1982-07-01,overall,Overall CPI,48.0,5.49
1982-08-01,01,Food & Beverages,40.9,7.07
1982-08-01,02,Alcoholic Beverages & Tobacco,21.4,3.88
1982-08-01,03,Clothing & Footwear,98.8,3.35
1982-08-01,04,"Housing, Water, Electricity, Gas & Other Fuels",57.8,5.67
1982-08-01,05,Furnishings & Household Maintenance,66.3,2.47
1982-08-01,06,Health,44.6,4.45
1982-08-01,07,Transport,43.2,1.65
1982-08-01,09,"Recreation, Sport & Culture",75.7,2.16
1982-08-01,overall,Overall CPI,48.1,5.02
1982-09-01,01,Food & Beverages,40.8,6.53
1982-09-01,02,Alcoholic Beverages & Tobacco,21.4,3.88
1982-09-01,03,Clothing & Footwear,98.8,3.13
1982-09-01,04,"Housing, Water, Electricity, Gas & Other Fuels",57.8,5.67
1982-09-01,05,Furnishings & Household Maintenance,66.2,2.0
1982-09-01,06,Health,44.7,3.95
1982-09-01,07,Transport,43.3,1.64
1982-09-01,09,"Recreation, Sport & Culture",75.8,2.29
1982-09-01,overall,Overall CPI,48.1,4.57
1982-10-01,01,Food & Beverages,40.5,5.74
1982-10-01,02,Alcoholic Beverages & Tobacco,21.4,3.88
1982-10-01,03,Clothing & Footwear,99.2,3.01
1982-10-01,04,"Housing, Water, Electricity, Gas & Other Fuels",57.9,5.85
1982-10-01,05,Furnishings & Household Maintenance,66.3,2.0
1982-10-01,06,Health,44.7,3.23
1982-10-01,07,Transport,43.3,1.64
1982-10-01,09,"Recreation, Sport & Culture",75.8,2.16
1982-10-01,overall,Overall CPI,48.0,4.35
1982-11-01,01,Food & Beverages,40.5,5.19
1982-11-01,02,Alcoholic Beverages & Tobacco,25.3,22.82
1982-11-01,03,Clothing & Footwear,99.8,3.42
1982-11-01,04,"Housing, Water, Electricity, Gas & Other Fuels",57.9,5.85
1982-11-01,05,Furnishings & Household Maintenance,66.8,2.61
1982-11-01,06,Health,44.7,3.0
1982-11-01,07,Transport,44.1,3.04
1982-11-01,09,"Recreation, Sport & Culture",75.2,1.35
1982-11-01,overall,Overall CPI,48.5,5.21
1982-12-01,01,Food & Beverages,40.5,3.85
1982-12-01,02,Alcoholic Beverages & Tobacco,25.5,23.19
1982-12-01,03,Clothing & Footwear,100.3,3.94
1982-12-01,04,"Housing, Water, Electricity, Gas & Other Fuels",57.9,5.85
1982-12-01,05,Furnishings & Household Maintenance,66.9,2.61
1982-12-01,06,Health,49.1,13.13
1982-12-01,07,Transport,44.3,3.02
1982-12-01,09,"Recreation, Sport & Culture",75.4,1.48
1982-12-01,overall,Overall CPI,48.7,5.18
1983-01-01,01,Food & Beverages,40.6,3.05
1983-01-01,02,Alcoholic Beverages & Tobacco,25.6,23.67
1983-01-01,03,Clothing & Footwear,100.8,3.81
1983-01-01,04,"Housing, Water, Electricity, Gas & Other Fuels",59.5,5.68
1983-01-01,05,Furnishings & Household Maintenance,67.4,2.9
1983-01-01,06,Health,49.4,13.3
1983-01-01,07,Transport,44.4,3.26
1983-01-01,09,"Recreation, Sport & Culture",75.3,0.53
1983-01-01,overall,Overall CPI,49.2,5.13
1983-02-01,01,Food & Beverages,40.0,0.25
1983-02-01,02,Alcoholic Beverages & Tobacco,25.7,24.15
1983-02-01,03,Clothing & Footwear,101.1,3.59
1983-02-01,04,"Housing, Water, Electricity, Gas & Other Fuels",59.6,5.86
1983-02-01,05,Furnishings & Household Maintenance,67.5,2.9
1983-02-01,06,Health,49.6,13.24
1983-02-01,07,Transport,44.4,3.26
1983-02-01,09,"Recreation, Sport & Culture",75.4,0.4
1983-02-01,overall,Overall CPI,49.0,4.03
1983-03-01,01,Food & Beverages,40.3,0.75
1983-03-01,02,Alcoholic Beverages & Tobacco,25.7,23.56
1983-03-01,03,Clothing & Footwear,101.2,3.69
1983-03-01,04,"Housing, Water, Electricity, Gas & Other Fuels",59.8,6.22
1983-03-01,05,Furnishings & Household Maintenance,67.6,2.89
1983-03-01,06,Health,49.9,13.41
1983-03-01,07,Transport,44.5,3.25
1983-03-01,09,"Recreation, Sport & Culture",75.3,0.13
1983-03-01,overall,Overall CPI,49.1,4.03
1983-04-01,01,Food & Beverages,40.2,0.25
1983-04-01,02,Alcoholic Beverages & Tobacco,26.6,27.88
1983-04-01,03,Clothing & Footwear,101.4,3.79
1983-04-01,04,"Housing, Water, Electricity, Gas & Other Fuels",59.8,6.22
1983-04-01,05,Furnishings & Household Maintenance,67.6,2.74
1983-04-01,06,Health,49.9,13.15
1983-04-01,07,Transport,44.0,2.09
1983-04-01,09,"Recreation, Sport & Culture",75.4,0.13
1983-04-01,overall,Overall CPI,49.1,3.59
1983-05-01,01,Food & Beverages,40.7,0.74
1983-05-01,02,Alcoholic Beverages & Tobacco,26.6,24.88
1983-05-01,03,Clothing & Footwear,101.7,3.78
1983-05-01,04,"Housing, Water, Electricity, Gas & Other Fuels",59.8,6.22
1983-05-01,05,Furnishings & Household Maintenance,67.7,2.73
1983-05-01,06,Health,50.0,13.12
1983-05-01,07,Transport,44.0,2.09
1983-05-01,09,"Recreation, Sport & Culture",75.2,-0.4
1983-05-01,overall,Overall CPI,49.4,4.0
1983-06-01,01,Food & Beverages,40.8,0.25
1983-06-01,02,Alcoholic Beverages & Tobacco,26.6,24.88
1983-06-01,03,Clothing & Footwear,102.0,3.66
1983-06-01,04,"Housing, Water, Electricity, Gas & Other Fuels",59.8,5.47
1983-06-01,05,Furnishings & Household Maintenance,67.8,2.73
1983-06-01,06,Health,50.0,12.36
1983-06-01,07,Transport,44.0,2.09
1983-06-01,09,"Recreation, Sport & Culture",75.4,-0.26
1983-06-01,overall,Overall CPI,49.5,3.77
1983-07-01,01,Food & Beverages,40.2,-1.47
1983-07-01,02,Alcoholic Beverages & Tobacco,26.6,24.88
1983-07-01,03,Clothing & Footwear,102.1,3.44
1983-07-01,04,"Housing, Water, Electricity, Gas & Other Fuels",62.0,7.08
1983-07-01,05,Furnishings & Household Maintenance,67.9,2.57
1983-07-01,06,Health,50.0,12.11
1983-07-01,07,Transport,44.1,2.08
1983-07-01,09,"Recreation, Sport & Culture",75.4,-0.26
1983-07-01,overall,Overall CPI,49.6,3.33
1983-08-01,01,Food & Beverages,40.5,-0.98
1983-08-01,02,Alcoholic Beverages & Tobacco,26.7,24.77
1983-08-01,03,Clothing & Footwear,102.4,3.64
1983-08-01,04,"Housing, Water, Electricity, Gas & Other Fuels",62.0,7.27
1983-08-01,05,Furnishings & Household Maintenance,67.9,2.41
1983-08-01,06,Health,50.0,12.11
1983-08-01,07,Transport,44.1,2.08
1983-08-01,09,"Recreation, Sport & Culture",75.4,-0.4
1983-08-01,overall,Overall CPI,49.6,3.12
1983-09-01,01,Food & Beverages,40.7,-0.25
1983-09-01,02,Alcoholic Beverages & Tobacco,26.7,24.77
1983-09-01,03,Clothing & Footwear,102.4,3.64
1983-09-01,04,"Housing, Water, Electricity, Gas & Other Fuels",62.0,7.27
1983-09-01,05,Furnishings & Household Maintenance,67.9,2.57
1983-09-01,06,Health,50.1,12.08
1983-09-01,07,Transport,44.4,2.54
1983-09-01,09,"Recreation, Sport & Culture",75.2,-0.79
1983-09-01,overall,Overall CPI,49.8,3.53
1983-10-01,01,Food & Beverages,40.9,0.99
1983-10-01,02,Alcoholic Beverages & Tobacco,26.7,24.77
1983-10-01,03,Clothing & Footwear,102.7,3.53
1983-10-01,04,"Housing, Water, Electricity, Gas & Other Fuels",62.1,7.25
1983-10-01,05,Furnishings & Household Maintenance,68.0,2.56
1983-10-01,06,Health,50.2,12.3
1983-10-01,07,Transport,44.4,2.54
1983-10-01,09,"Recreation, Sport & Culture",75.3,-0.66
1983-10-01,overall,Overall CPI,49.9,3.96
1983-11-01,01,Food & Beverages,40.9,0.99
1983-11-01,02,Alcoholic Beverages & Tobacco,26.7,5.53
1983-11-01,03,Clothing & Footwear,102.9,3.11
1983-11-01,04,"Housing, Water, Electricity, Gas & Other Fuels",62.2,7.43
1983-11-01,05,Furnishings & Household Maintenance,68.0,1.8
1983-11-01,06,Health,50.2,12.3
1983-11-01,07,Transport,44.5,0.91
1983-11-01,09,"Recreation, Sport & Culture",75.4,0.27
1983-11-01,overall,Overall CPI,50.0,3.09
1983-12-01,01,Food & Beverages,41.7,2.96
1983-12-01,02,Alcoholic Beverages & Tobacco,26.7,4.71
1983-12-01,03,Clothing & Footwear,102.9,2.59
1983-12-01,04,"Housing, Water, Electricity, Gas & Other Fuels",62.2,7.43
1983-12-01,05,Furnishings & Household Maintenance,68.1,1.79
1983-12-01,06,Health,50.3,2.44
1983-12-01,07,Transport,44.5,0.45
1983-12-01,09,"Recreation, Sport & Culture",75.6,0.27
1983-12-01,overall,Overall CPI,50.3,3.29
1984-01-01,01,Food & Beverages,42.5,4.68
1984-01-01,02,Alcoholic Beverages & Tobacco,26.8,4.69
1984-01-01,03,Clothing & Footwear,102.9,2.08
1984-01-01,04,"Housing, Water, Electricity, Gas & Other Fuels",64.1,7.73
1984-01-01,05,Furnishings & Household Maintenance,67.9,0.74
1984-01-01,06,Health,50.4,2.02
1984-01-01,07,Transport,45.8,3.15
1984-01-01,09,"Recreation, Sport & Culture",74.9,-0.53
1984-01-01,overall,Overall CPI,51.2,4.07
1984-02-01,01,Food & Beverages,43.7,9.25
1984-02-01,02,Alcoholic Beverages & Tobacco,26.8,4.28
1984-02-01,03,Clothing & Footwear,103.1,1.98
1984-02-01,04,"Housing, Water, Electricity, Gas & Other Fuels",64.2,7.72
1984-02-01,05,Furnishings & Household Maintenance,67.9,0.59
1984-02-01,06,Health,50.5,1.81
1984-02-01,07,Transport,45.9,3.38
1984-02-01,09,"Recreation, Sport & Culture",74.9,-0.66
1984-02-01,overall,Overall CPI,51.8,5.71
1984-03-01,01,Food & Beverages,42.3,4.96
1984-03-01,02,Alcoholic Beverages & Tobacco,26.8,4.28
1984-03-01,03,Clothing & Footwear,103.2,1.98
1984-03-01,04,"Housing, Water, Electricity, Gas & Other Fuels",64.4,7.69
1984-03-01,05,Furnishings & Household Maintenance,67.9,0.44
1984-03-01,06,Health,50.5,1.2
1984-03-01,07,Transport,46.0,3.37
1984-03-01,09,"Recreation, Sport & Culture",73.5,-2.39
1984-03-01,overall,Overall CPI,51.1,4.07
1984-04-01,01,Food & Beverages,42.2,4.98
1984-04-01,02,Alcoholic Beverages & Tobacco,26.9,1.13
1984-04-01,03,Clothing & Footwear,103.5,2.07
1984-04-01,04,"Housing, Water, Electricity, Gas & Other Fuels",64.4,7.69
1984-04-01,05,Furnishings & Household Maintenance,68.0,0.59
1984-04-01,06,Health,50.5,1.2
1984-04-01,07,Transport,46.3,5.23
1984-04-01,09,"Recreation, Sport & Culture",72.8,-3.45
1984-04-01,overall,Overall CPI,51.1,4.07
1984-05-01,01,Food & Beverages,42.2,3.69
1984-05-01,02,Alcoholic Beverages & Tobacco,27.7,4.14
1984-05-01,03,Clothing & Footwear,103.5,1.77
1984-05-01,04,"Housing, Water, Electricity, Gas & Other Fuels",64.4,7.69
1984-05-01,05,Furnishings & Household Maintenance,68.0,0.44
1984-05-01,06,Health,50.5,1.0
1984-05-01,07,Transport,46.1,4.77
1984-05-01,09,"Recreation, Sport & Culture",72.8,-3.19
1984-05-01,overall,Overall CPI,51.1,3.44
1984-06-01,01,Food & Beverages,42.1,3.19
1984-06-01,02,Alcoholic Beverages & Tobacco,27.7,4.14
1984-06-01,03,Clothing & Footwear,103.6,1.57
1984-06-01,04,"Housing, Water, Electricity, Gas & Other Fuels",64.4,7.69
1984-06-01,05,Furnishings & Household Maintenance,68.0,0.29
1984-06-01,06,Health,50.6,1.2
1984-06-01,07,Transport,46.2,5.0
1984-06-01,09,"Recreation, Sport & Culture",72.7,-3.58
1984-06-01,overall,Overall CPI,51.1,3.23
1984-07-01,01,Food & Beverages,42.2,4.98
1984-07-01,02,Alcoholic Beverages & Tobacco,27.7,4.14
1984-07-01,03,Clothing & Footwear,104.0,1.86
1984-07-01,04,"Housing, Water, Electricity, Gas & Other Fuels",65.9,6.29
1984-07-01,05,Furnishings & Household Maintenance,68.0,0.15
1984-07-01,06,Health,50.7,1.4
1984-07-01,07,Transport,46.2,4.76
1984-07-01,09,"Recreation, Sport & Culture",72.7,-3.58
1984-07-01,overall,Overall CPI,51.5,3.83
1984-08-01,01,Food & Beverages,42.3,4.44
1984-08-01,02,Alcoholic Beverages & Tobacco,27.7,3.75
1984-08-01,03,Clothing & Footwear,104.2,1.76
1984-08-01,04,"Housing, Water, Electricity, Gas & Other Fuels",65.9,6.29
1984-08-01,05,Furnishings & Household Maintenance,68.0,0.15
1984-08-01,06,Health,50.8,1.6
1984-08-01,07,Transport,46.1,4.54
1984-08-01,09,"Recreation, Sport & Culture",72.7,-3.58
1984-08-01,overall,Overall CPI,51.5,3.83
1984-09-01,01,Food & Beverages,42.1,3.44
1984-09-01,02,Alcoholic Beverages & Tobacco,27.7,3.75
1984-09-01,03,Clothing & Footwear,104.2,1.76
1984-09-01,04,"Housing, Water, Electricity, Gas & Other Fuels",65.9,6.29
1984-09-01,05,Furnishings & Household Maintenance,68.0,0.15
1984-09-01,06,Health,50.8,1.4
1984-09-01,07,Transport,46.1,3.83
1984-09-01,09,"Recreation, Sport & Culture",72.6,-3.46
1984-09-01,overall,Overall CPI,51.5,3.41
1984-10-01,01,Food & Beverages,41.9,2.44
1984-10-01,02,Alcoholic Beverages & Tobacco,27.7,3.75
1984-10-01,03,Clothing & Footwear,104.2,1.46
1984-10-01,04,"Housing, Water, Electricity, Gas & Other Fuels",65.9,6.12
1984-10-01,05,Furnishings & Household Maintenance,68.0,0.0
1984-10-01,06,Health,50.8,1.2
1984-10-01,07,Transport,46.1,3.83
1984-10-01,09,"Recreation, Sport & Culture",72.5,-3.72
1984-10-01,overall,Overall CPI,51.4,3.01
1984-11-01,01,Food & Beverages,41.6,1.71
1984-11-01,02,Alcoholic Beverages & Tobacco,27.7,3.75
1984-11-01,03,Clothing & Footwear,104.1,1.17
1984-11-01,04,"Housing, Water, Electricity, Gas & Other Fuels",65.9,5.95
1984-11-01,05,Furnishings & Household Maintenance,68.0,0.0
1984-11-01,06,Health,50.8,1.2
1984-11-01,07,Transport,46.1,3.6
1984-11-01,09,"Recreation, Sport & Culture",72.2,-4.24
1984-11-01,overall,Overall CPI,51.1,2.2
1984-12-01,01,Food & Beverages,41.4,-0.72
1984-12-01,02,Alcoholic Beverages & Tobacco,27.7,3.75
1984-12-01,03,Clothing & Footwear,104.3,1.36
1984-12-01,04,"Housing, Water, Electricity, Gas & Other Fuels",65.9,5.95
1984-12-01,05,Furnishings & Household Maintenance,68.0,-0.15
1984-12-01,06,Health,50.9,1.19
1984-12-01,07,Transport,46.1,3.6
1984-12-01,09,"Recreation, Sport & Culture",72.2,-4.5
1984-12-01,overall,Overall CPI,51.1,1.59
1985-01-01,01,Food & Beverages,41.2,-3.06
1985-01-01,02,Alcoholic Beverages & Tobacco,27.7,3.36
1985-01-01,03,Clothing & Footwear,104.3,1.36
1985-01-01,04,"Housing, Water, Electricity, Gas & Other Fuels",66.9,4.37
1985-01-01,05,Furnishings & Household Maintenance,68.0,0.15
1985-01-01,06,Health,51.3,1.79
1985-01-01,07,Transport,46.3,1.09
1985-01-01,09,"Recreation, Sport & Culture",72.1,-3.74
1985-01-01,overall,Overall CPI,51.2,0.0
1985-02-01,01,Food & Beverages,41.3,-5.49
1985-02-01,02,Alcoholic Beverages & Tobacco,27.7,3.36
1985-02-01,03,Clothing & Footwear,104.3,1.16
1985-02-01,04,"Housing, Water, Electricity, Gas & Other Fuels",66.9,4.21
1985-02-01,05,Furnishings & Household Maintenance,68.0,0.15
1985-02-01,06,Health,51.5,1.98
1985-02-01,07,Transport,46.3,0.87
1985-02-01,09,"Recreation, Sport & Culture",72.1,-3.74
1985-02-01,overall,Overall CPI,51.3,-0.97
1985-03-01,01,Food & Beverages,41.5,-1.89
1985-03-01,02,Alcoholic Beverages & Tobacco,27.7,3.36
1985-03-01,03,Clothing & Footwear,104.4,1.16
1985-03-01,04,"Housing, Water, Electricity, Gas & Other Fuels",66.9,3.88
1985-03-01,05,Furnishings & Household Maintenance,68.0,0.15
1985-03-01,06,Health,51.5,1.98
1985-03-01,07,Transport,46.7,1.52
1985-03-01,09,"Recreation, Sport & Culture",72.1,-1.9
1985-03-01,overall,Overall CPI,51.5,0.78
1985-04-01,01,Food & Beverages,41.2,-2.37
1985-04-01,02,Alcoholic Beverages & Tobacco,27.7,2.97
1985-04-01,03,Clothing & Footwear,104.5,0.97
1985-04-01,04,"Housing, Water, Electricity, Gas & Other Fuels",66.9,3.88
1985-04-01,05,Furnishings & Household Maintenance,68.0,0.0
1985-04-01,06,Health,51.5,1.98
1985-04-01,07,Transport,46.9,1.3
1985-04-01,09,"Recreation, Sport & Culture",72.8,0.0
1985-04-01,overall,Overall CPI,51.3,0.39
1985-05-01,01,Food & Beverages,41.2,-2.37
1985-05-01,02,Alcoholic Beverages & Tobacco,27.7,0.0
1985-05-01,03,Clothing & Footwear,104.7,1.16
1985-05-01,04,"Housing, Water, Electricity, Gas & Other Fuels",66.9,3.88
1985-05-01,05,Furnishings & Household Maintenance,68.1,0.15
1985-05-01,06,Health,51.5,1.98
1985-05-01,07,Transport,46.9,1.74
1985-05-01,09,"Recreation, Sport & Culture",72.9,0.14
1985-05-01,overall,Overall CPI,51.4,0.59
1985-06-01,01,Food & Beverages,41.3,-1.9
1985-06-01,02,Alcoholic Beverages & Tobacco,27.7,0.0
1985-06-01,03,Clothing & Footwear,104.9,1.25
1985-06-01,04,"Housing, Water, Electricity, Gas & Other Fuels",67.0,4.04
1985-06-01,05,Furnishings & Household Maintenance,68.0,0.0
1985-06-01,06,Health,52.0,2.77
1985-06-01,07,Transport,47.5,2.81
1985-06-01,09,"Recreation, Sport & Culture",71.8,-1.24
1985-06-01,overall,Overall CPI,51.5,0.78
1985-07-01,01,Food & Beverages,41.3,-2.13
1985-07-01,02,Alcoholic Beverages & Tobacco,27.7,0.0
1985-07-01,03,Clothing & Footwear,105.3,1.25
1985-07-01,04,"Housing, Water, Electricity, Gas & Other Fuels",68.6,4.1
1985-07-01,05,Furnishings & Household Maintenance,68.2,0.29
1985-07-01,06,Health,52.1,2.76
1985-07-01,07,Transport,47.6,3.03
1985-07-01,09,"Recreation, Sport & Culture",71.5,-1.65
1985-07-01,overall,Overall CPI,51.8,0.58
1985-08-01,01,Food & Beverages,41.7,-1.42
1985-08-01,02,Alcoholic Beverages & Tobacco,27.7,0.0
1985-08-01,03,Clothing & Footwear,105.3,1.06
1985-08-01,04,"Housing, Water, Electricity, Gas & Other Fuels",68.5,3.95
1985-08-01,05,Furnishings & Household Maintenance,68.1,0.15
1985-08-01,06,Health,52.1,2.56
1985-08-01,07,Transport,47.8,3.69
1985-08-01,09,"Recreation, Sport & Culture",71.5,-1.65
1985-08-01,overall,Overall CPI,51.9,0.78
1985-09-01,01,Food & Beverages,40.9,-2.85
1985-09-01,02,Alcoholic Beverages & Tobacco,27.7,0.0
1985-09-01,03,Clothing & Footwear,105.3,1.06
1985-09-01,04,"Housing, Water, Electricity, Gas & Other Fuels",68.5,3.95
1985-09-01,05,Furnishings & Household Maintenance,68.1,0.15
1985-09-01,06,Health,52.1,2.56
1985-09-01,07,Transport,47.8,3.69
1985-09-01,09,"Recreation, Sport & Culture",71.9,-0.96
1985-09-01,overall,Overall CPI,51.6,0.19
1985-10-01,01,Food & Beverages,40.8,-2.63
1985-10-01,02,Alcoholic Beverages & Tobacco,27.7,0.0
1985-10-01,03,Clothing & Footwear,105.3,1.06
1985-10-01,04,"Housing, Water, Electricity, Gas & Other Fuels",68.5,3.95
1985-10-01,05,Furnishings & Household Maintenance,68.1,0.15
1985-10-01,06,Health,52.3,2.95
1985-10-01,07,Transport,47.5,3.04
1985-10-01,09,"Recreation, Sport & Culture",72.2,-0.41
1985-10-01,overall,Overall CPI,51.5,0.19
1985-11-01,01,Food & Beverages,40.9,-1.68
1985-11-01,02,Alcoholic Beverages & Tobacco,27.7,0.0
1985-11-01,03,Clothing & Footwear,105.3,1.15
1985-11-01,04,"Housing, Water, Electricity, Gas & Other Fuels",68.5,3.95
1985-11-01,05,Furnishings & Household Maintenance,68.1,0.15
1985-11-01,06,Health,52.3,2.95
1985-11-01,07,Transport,47.2,2.39
1985-11-01,09,"Recreation, Sport & Culture",72.3,0.14
1985-11-01,overall,Overall CPI,51.5,0.78
1985-12-01,01,Food & Beverages,41.2,-0.48
1985-12-01,02,Alcoholic Beverages & Tobacco,27.7,0.0
1985-12-01,03,Clothing & Footwear,105.3,0.96
1985-12-01,04,"Housing, Water, Electricity, Gas & Other Fuels",68.5,3.95
1985-12-01,05,Furnishings & Household Maintenance,68.0,0.0
1985-12-01,06,Health,52.4,2.95
1985-12-01,07,Transport,47.2,2.39
1985-12-01,09,"Recreation, Sport & Culture",72.4,0.28
1985-12-01,overall,Overall CPI,51.6,0.98
1986-01-01,01,Food & Beverages,41.6,0.97
1986-01-01,02,Alcoholic Beverages & Tobacco,27.7,0.0
1986-01-01,03,Clothing & Footwear,105.3,0.96
1986-01-01,04,"Housing, Water, Electricity, Gas & Other Fuels",68.5,2.39
1986-01-01,05,Furnishings & Household Maintenance,68.1,0.15
1986-01-01,06,Health,52.5,2.34
1986-01-01,07,Transport,47.2,1.94
1986-01-01,09,"Recreation, Sport & Culture",72.3,0.28
1986-01-01,overall,Overall CPI,51.8,1.17
1986-02-01,01,Food & Beverages,41.7,0.97
1986-02-01,02,Alcoholic Beverages & Tobacco,27.7,0.0
1986-02-01,03,Clothing & Footwear,105.2,0.86
1986-02-01,04,"Housing, Water, Electricity, Gas & Other Fuels",68.5,2.39
1986-02-01,05,Furnishings & Household Maintenance,68.2,0.29
1986-02-01,06,Health,52.5,1.94
1986-02-01,07,Transport,47.2,1.94
1986-02-01,09,"Recreation, Sport & Culture",72.6,0.69
1986-02-01,overall,Overall CPI,51.9,1.17
1986-03-01,01,Food & Beverages,41.7,0.48
1986-03-01,02,Alcoholic Beverages & Tobacco,27.7,0.0
1986-03-01,03,Clothing & Footwear,105.3,0.86
1986-03-01,04,"Housing, Water, Electricity, Gas & Other Fuels",68.3,2.09
1986-03-01,05,Furnishings & Household Maintenance,68.2,0.29
1986-03-01,06,Health,52.6,2.14
1986-03-01,07,Transport,46.1,-1.28
1986-03-01,09,"Recreation, Sport & Culture",72.4,0.42
1986-03-01,overall,Overall CPI,51.8,0.58
1986-04-01,01,Food & Beverages,41.3,0.24
1986-04-01,02,Alcoholic Beverages & Tobacco,27.7,0.0
1986-04-01,03,Clothing & Footwear,105.2,0.67
1986-04-01,04,"Housing, Water, Electricity, Gas & Other Fuels",68.2,1.94
1986-04-01,05,Furnishings & Household Maintenance,68.2,0.29
1986-04-01,06,Health,52.6,2.14
1986-04-01,07,Transport,46.0,-1.92
1986-04-01,09,"Recreation, Sport & Culture",72.4,-0.55
1986-04-01,overall,Overall CPI,51.5,0.39
1986-05-01,01,Food & Beverages,41.7,1.21
1986-05-01,02,Alcoholic Beverages & Tobacco,27.7,0.0
1986-05-01,03,Clothing & Footwear,105.3,0.57
1986-05-01,04,"Housing, Water, Electricity, Gas & Other Fuels",68.2,1.94
1986-05-01,05,Furnishings & Household Maintenance,68.2,0.15
1986-05-01,06,Health,52.6,2.14
1986-05-01,07,Transport,46.0,-1.92
1986-05-01,09,"Recreation, Sport & Culture",72.4,-0.69
1986-05-01,overall,Overall CPI,51.7,0.58
1986-06-01,01,Food & Beverages,41.3,0.0
1986-06-01,02,Alcoholic Beverages & Tobacco,27.7,0.0
1986-06-01,03,Clothing & Footwear,105.4,0.48
1986-06-01,04,"Housing, Water, Electricity, Gas & Other Fuels",68.1,1.64
1986-06-01,05,Furnishings & Household Maintenance,68.2,0.29
1986-06-01,06,Health,52.6,1.15
1986-06-01,07,Transport,46.8,-1.47
1986-06-01,09,"Recreation, Sport & Culture",72.7,1.25
1986-06-01,overall,Overall CPI,51.6,0.19
1986-07-01,01,Food & Beverages,40.9,-0.97
1986-07-01,02,Alcoholic Beverages & Tobacco,27.7,0.0
1986-07-01,03,Clothing & Footwear,105.5,0.19
1986-07-01,04,"Housing, Water, Electricity, Gas & Other Fuels",68.4,-0.29
1986-07-01,05,Furnishings & Household Maintenance,68.6,0.59
1986-07-01,06,Health,52.7,1.15
1986-07-01,07,Transport,47.8,0.42
1986-07-01,09,"Recreation, Sport & Culture",72.7,1.68
1986-07-01,overall,Overall CPI,51.7,-0.19
1986-08-01,01,Food & Beverages,40.7,-2.4
1986-08-01,02,Alcoholic Beverages & Tobacco,27.7,0.0
1986-08-01,03,Clothing & Footwear,105.5,0.19
1986-08-01,04,"Housing, Water, Electricity, Gas & Other Fuels",68.4,-0.15
1986-08-01,05,Furnishings & Household Maintenance,68.8,1.03
1986-08-01,06,Health,52.7,1.15
1986-08-01,07,Transport,47.9,0.21
1986-08-01,09,"Recreation, Sport & Culture",72.5,1.4
1986-08-01,overall,Overall CPI,51.6,-0.58
1986-09-01,01,Food & Beverages,41.0,0.24
1986-09-01,02,Alcoholic Beverages & Tobacco,27.7,0.0
1986-09-01,03,Clothing & Footwear,105.5,0.19
1986-09-01,04,"Housing, Water, Electricity, Gas & Other Fuels",68.4,-0.15
1986-09-01,05,Furnishings & Household Maintenance,68.8,1.03
1986-09-01,06,Health,52.7,1.15
1986-09-01,07,Transport,47.9,0.21
1986-09-01,09,"Recreation, Sport & Culture",72.4,0.7
1986-09-01,overall,Overall CPI,51.8,0.39
1986-10-01,01,Food & Beverages,41.3,1.23
1986-10-01,02,Alcoholic Beverages & Tobacco,27.7,0.0
1986-10-01,03,Clothing & Footwear,105.5,0.19
1986-10-01,04,"Housing, Water, Electricity, Gas & Other Fuels",68.4,-0.15
1986-10-01,05,Furnishings & Household Maintenance,68.8,1.03
1986-10-01,06,Health,52.8,0.96
1986-10-01,07,Transport,48.0,1.05
1986-10-01,09,"Recreation, Sport & Culture",72.4,0.28
1986-10-01,overall,Overall CPI,51.8,0.58
1986-11-01,01,Food & Beverages,41.1,0.49
1986-11-01,02,Alcoholic Beverages & Tobacco,29.9,7.94
1986-11-01,03,Clothing & Footwear,105.5,0.19
1986-11-01,04,"Housing, Water, Electricity, Gas & Other Fuels",68.3,-0.29
1986-11-01,05,Furnishings & Household Maintenance,69.0,1.32
1986-11-01,06,Health,52.8,0.96
1986-11-01,07,Transport,47.9,1.48
1986-11-01,09,"Recreation, Sport & Culture",72.5,0.28
1986-11-01,overall,Overall CPI,52.1,1.17
1986-12-01,01,Food & Beverages,41.4,0.49
1986-12-01,02,Alcoholic Beverages & Tobacco,30.0,8.3
1986-12-01,03,Clothing & Footwear,105.5,0.19
1986-12-01,04,"Housing, Water, Electricity, Gas & Other Fuels",68.3,-0.29
1986-12-01,05,Furnishings & Household Maintenance,68.8,1.18
1986-12-01,06,Health,52.8,0.76
1986-12-01,07,Transport,47.9,1.48
1986-12-01,09,"Recreation, Sport & Culture",72.4,0.0
1986-12-01,overall,Overall CPI,52.2,1.16
1987-01-01,01,Food & Beverages,41.2,-0.96
1987-01-01,02,Alcoholic Beverages & Tobacco,30.0,8.3
1987-01-01,03,Clothing & Footwear,105.4,0.09
1987-01-01,04,"Housing, Water, Electricity, Gas & Other Fuels",68.3,-0.29
1987-01-01,05,Furnishings & Household Maintenance,69.0,1.32
1987-01-01,06,Health,52.9,0.76
1987-01-01,07,Transport,47.9,1.48
1987-01-01,09,"Recreation, Sport & Culture",72.4,0.14
1987-01-01,overall,Overall CPI,52.1,0.58
1987-02-01,01,Food & Beverages,41.1,-1.44
1987-02-01,02,Alcoholic Beverages & Tobacco,30.1,8.66
1987-02-01,03,Clothing & Footwear,105.5,0.29
1987-02-01,04,"Housing, Water, Electricity, Gas & Other Fuels",68.3,-0.29
1987-02-01,05,Furnishings & Household Maintenance,69.0,1.17
1987-02-01,06,Health,52.9,0.76
1987-02-01,07,Transport,48.1,1.91
1987-02-01,09,"Recreation, Sport & Culture",72.7,0.14
1987-02-01,overall,Overall CPI,52.1,0.39
1987-03-01,01,Food & Beverages,40.7,-2.4
1987-03-01,02,Alcoholic Beverages & Tobacco,30.1,8.66
1987-03-01,03,Clothing & Footwear,105.6,0.28
1987-03-01,04,"Housing, Water, Electricity, Gas & Other Fuels",68.3,0.0
1987-03-01,05,Furnishings & Household Maintenance,69.0,1.17
1987-03-01,06,Health,53.0,0.76
1987-03-01,07,Transport,47.9,3.9
1987-03-01,09,"Recreation, Sport & Culture",72.7,0.41
1987-03-01,overall,Overall CPI,51.8,0.0
1987-04-01,01,Food & Beverages,40.8,-1.21
1987-04-01,02,Alcoholic Beverages & Tobacco,30.1,8.66
1987-04-01,03,Clothing & Footwear,105.7,0.48
1987-04-01,04,"Housing, Water, Electricity, Gas & Other Fuels",68.3,0.15
1987-04-01,05,Furnishings & Household Maintenance,69.2,1.47
1987-04-01,06,Health,53.0,0.76
1987-04-01,07,Transport,48.2,4.78
1987-04-01,09,"Recreation, Sport & Culture",74.3,2.62
1987-04-01,overall,Overall CPI,52.1,1.17
1987-05-01,01,Food & Beverages,40.9,-1.92
1987-05-01,02,Alcoholic Beverages & Tobacco,30.1,8.66
1987-05-01,03,Clothing & Footwear,105.7,0.38
1987-05-01,04,"Housing, Water, Electricity, Gas & Other Fuels",68.3,0.15
1987-05-01,05,Furnishings & Household Maintenance,69.3,1.61
1987-05-01,06,Health,53.0,0.76
1987-05-01,07,Transport,48.4,5.22
1987-05-01,09,"Recreation, Sport & Culture",74.3,2.62
1987-05-01,overall,Overall CPI,52.2,0.97
1987-06-01,01,Food & Beverages,41.1,-0.48
1987-06-01,02,Alcoholic Beverages & Tobacco,30.1,8.66
1987-06-01,03,Clothing & Footwear,105.8,0.38
1987-06-01,04,"Housing, Water, Electricity, Gas & Other Fuels",68.3,0.29
1987-06-01,05,Furnishings & Household Maintenance,69.4,1.76
1987-06-01,06,Health,53.0,0.76
1987-06-01,07,Transport,48.6,3.85
1987-06-01,09,"Recreation, Sport & Culture",74.3,2.2
1987-06-01,overall,Overall CPI,52.3,1.36
1987-07-01,01,Food & Beverages,40.9,0.0
1987-07-01,02,Alcoholic Beverages & Tobacco,30.1,8.66
1987-07-01,03,Clothing & Footwear,105.9,0.38
1987-07-01,04,"Housing, Water, Electricity, Gas & Other Fuels",67.5,-1.32
1987-07-01,05,Furnishings & Household Maintenance,69.4,1.17
1987-07-01,06,Health,53.1,0.76
1987-07-01,07,Transport,48.8,2.09
1987-07-01,09,"Recreation, Sport & Culture",74.5,2.48
1987-07-01,overall,Overall CPI,52.2,0.97
1987-08-01,01,Food & Beverages,41.0,0.74
1987-08-01,02,Alcoholic Beverages & Tobacco,30.1,8.66
1987-08-01,03,Clothing & Footwear,106.0,0.47
1987-08-01,04,"Housing, Water, Electricity, Gas & Other Fuels",67.5,-1.32
1987-08-01,05,Furnishings & Household Maintenance,69.5,1.02
1987-08-01,06,Health,53.1,0.76
1987-08-01,07,Transport,48.9,2.09
1987-08-01,09,"Recreation, Sport & Culture",74.5,2.76
1987-08-01,overall,Overall CPI,52.3,1.36
1987-09-01,01,Food & Beverages,41.0,0.0
1987-09-01,02,Alcoholic Beverages & Tobacco,30.1,8.66
1987-09-01,03,Clothing & Footwear,106.0,0.47
1987-09-01,04,"Housing, Water, Electricity, Gas & Other Fuels",67.5,-1.32
1987-09-01,05,Furnishings & Household Maintenance,69.5,1.02
1987-09-01,06,Health,53.1,0.76
1987-09-01,07,Transport,49.0,2.3
1987-09-01,09,"Recreation, Sport & Culture",74.7,3.18
1987-09-01,overall,Overall CPI,52.3,0.97
1987-10-01,01,Food & Beverages,41.2,-0.24
1987-10-01,02,Alcoholic Beverages & Tobacco,30.1,8.66
1987-10-01,03,Clothing & Footwear,106.3,0.76
1987-10-01,04,"Housing, Water, Electricity, Gas & Other Fuels",67.5,-1.32
1987-10-01,05,Furnishings & Household Maintenance,69.6,1.16
1987-10-01,06,Health,53.2,0.76
1987-10-01,07,Transport,49.0,2.08
1987-10-01,09,"Recreation, Sport & Culture",74.8,3.31
1987-10-01,overall,Overall CPI,52.4,1.16
1987-11-01,01,Food & Beverages,41.3,0.49
1987-11-01,02,Alcoholic Beverages & Tobacco,30.2,1.0
1987-11-01,03,Clothing & Footwear,106.3,0.76
1987-11-01,04,"Housing, Water, Electricity, Gas & Other Fuels",67.5,-1.17
1987-11-01,05,Furnishings & Household Maintenance,69.7,1.01
1987-11-01,06,Health,53.2,0.76
1987-11-01,07,Transport,49.1,2.51
1987-11-01,09,"Recreation, Sport & Culture",74.9,3.31
1987-11-01,overall,Overall CPI,52.5,0.77
1987-12-01,01,Food & Beverages,42.0,1.45
1987-12-01,02,Alcoholic Beverages & Tobacco,30.2,0.67
1987-12-01,03,Clothing & Footwear,106.4,0.85
1987-12-01,04,"Housing, Water, Electricity, Gas & Other Fuels",67.5,-1.17
1987-12-01,05,Furnishings & Household Maintenance,69.7,1.31
1987-12-01,06,Health,53.5,1.33
1987-12-01,07,Transport,49.1,2.51
1987-12-01,09,"Recreation, Sport & Culture",74.8,3.31
1987-12-01,overall,Overall CPI,52.7,0.96
1988-01-01,01,Food & Beverages,42.1,2.18
1988-01-01,02,Alcoholic Beverages & Tobacco,30.2,0.67
1988-01-01,03,Clothing & Footwear,107.0,1.52
1988-01-01,04,"Housing, Water, Electricity, Gas & Other Fuels",66.9,-2.05
1988-01-01,05,Furnishings & Household Maintenance,70.0,1.45
1988-01-01,06,Health,53.6,1.32
1988-01-01,07,Transport,49.7,3.76
1988-01-01,09,"Recreation, Sport & Culture",74.9,3.45
1988-01-01,overall,Overall CPI,52.8,1.34
1988-02-01,01,Food & Beverages,42.2,2.68
1988-02-01,02,Alcoholic Beverages & Tobacco,30.2,0.33
1988-02-01,03,Clothing & Footwear,107.3,1.71
1988-02-01,04,"Housing, Water, Electricity, Gas & Other Fuels",66.9,-2.05
1988-02-01,05,Furnishings & Household Maintenance,70.1,1.59
1988-02-01,06,Health,53.7,1.51
1988-02-01,07,Transport,49.6,3.12
1988-02-01,09,"Recreation, Sport & Culture",75.1,3.3
1988-02-01,overall,Overall CPI,52.9,1.54
1988-03-01,01,Food & Beverages,42.2,3.69
1988-03-01,02,Alcoholic Beverages & Tobacco,30.2,0.33
1988-03-01,03,Clothing & Footwear,107.5,1.8
1988-03-01,04,"Housing, Water, Electricity, Gas & Other Fuels",67.0,-1.9
1988-03-01,05,Furnishings & Household Maintenance,70.4,2.03
1988-03-01,06,Health,53.7,1.32
1988-03-01,07,Transport,50.1,4.59
1988-03-01,09,"Recreation, Sport & Culture",75.2,3.44
1988-03-01,overall,Overall CPI,53.0,2.32
1988-04-01,01,Food & Beverages,41.8,2.45
1988-04-01,02,Alcoholic Beverages & Tobacco,30.2,0.33
1988-04-01,03,Clothing & Footwear,107.7,1.89
1988-04-01,04,"Housing, Water, Electricity, Gas & Other Fuels",66.9,-2.05
1988-04-01,05,Furnishings & Household Maintenance,70.8,2.31
1988-04-01,06,Health,53.7,1.32
1988-04-01,07,Transport,50.6,4.98
1988-04-01,09,"Recreation, Sport & Culture",75.1,1.08
1988-04-01,overall,Overall CPI,53.0,1.73
1988-05-01,01,Food & Beverages,41.9,2.44
1988-05-01,02,Alcoholic Beverages & Tobacco,30.2,0.33
1988-05-01,03,Clothing & Footwear,107.7,1.89
1988-05-01,04,"Housing, Water, Electricity, Gas & Other Fuels",66.9,-2.05
1988-05-01,05,Furnishings & Household Maintenance,71.2,2.74
1988-05-01,06,Health,53.8,1.51
1988-05-01,07,Transport,50.6,4.55
1988-05-01,09,"Recreation, Sport & Culture",75.0,0.94
1988-05-01,overall,Overall CPI,53.0,1.53
1988-06-01,01,Food & Beverages,42.3,2.92
1988-06-01,02,Alcoholic Beverages & Tobacco,30.2,0.33
1988-06-01,03,Clothing & Footwear,107.8,1.89
1988-06-01,04,"Housing, Water, Electricity, Gas & Other Fuels",66.4,-2.78
1988-06-01,05,Furnishings & Household Maintenance,71.4,2.88
1988-06-01,06,Health,53.9,1.7
1988-06-01,07,Transport,52.7,8.44
1988-06-01,09,"Recreation, Sport & Culture",75.4,1.48
1988-06-01,overall,Overall CPI,53.5,2.29
1988-07-01,01,Food & Beverages,42.9,4.89
1988-07-01,02,Alcoholic Beverages & Tobacco,30.2,0.33
1988-07-01,03,Clothing & Footwear,108.1,2.08
1988-07-01,04,"Housing, Water, Electricity, Gas & Other Fuels",66.4,-1.63
1988-07-01,05,Furnishings & Household Maintenance,71.7,3.31
1988-07-01,06,Health,54.0,1.69
1988-07-01,07,Transport,52.8,8.2
1988-07-01,09,"Recreation, Sport & Culture",75.6,1.48
1988-07-01,overall,Overall CPI,53.8,3.07
1988-08-01,01,Food & Beverages,42.7,4.15
1988-08-01,02,Alcoholic Beverages & Tobacco,31.3,3.99
1988-08-01,03,Clothing & Footwear,108.5,2.36
1988-08-01,04,"Housing, Water, Electricity, Gas & Other Fuels",66.4,-1.63
1988-08-01,05,Furnishings & Household Maintenance,71.9,3.45
1988-08-01,06,Health,54.0,1.69
1988-08-01,07,Transport,53.1,8.59
1988-08-01,09,"Recreation, Sport & Culture",75.3,1.07
1988-08-01,overall,Overall CPI,53.9,3.06
1988-09-01,01,Food & Beverages,43.1,5.12
1988-09-01,02,Alcoholic Beverages & Tobacco,31.3,3.99
1988-09-01,03,Clothing & Footwear,108.7,2.55
1988-09-01,04,"Housing, Water, Electricity, Gas & Other Fuels",66.1,-2.07
1988-09-01,05,Furnishings & Household Maintenance,72.1,3.74
1988-09-01,06,Health,54.0,1.69
1988-09-01,07,Transport,53.1,8.37
1988-09-01,09,"Recreation, Sport & Culture",75.4,0.94
1988-09-01,overall,Overall CPI,54.0,3.25
1988-10-01,01,Food & Beverages,43.0,4.37
1988-10-01,02,Alcoholic Beverages & Tobacco,30.9,2.66
1988-10-01,03,Clothing & Footwear,108.8,2.35
1988-10-01,04,"Housing, Water, Electricity, Gas & Other Fuels",66.1,-2.07
1988-10-01,05,Furnishings & Household Maintenance,72.1,3.59
1988-10-01,06,Health,54.0,1.5
1988-10-01,07,Transport,53.2,8.57
1988-10-01,09,"Recreation, Sport & Culture",75.4,0.8
1988-10-01,overall,Overall CPI,53.9,2.86
1988-11-01,01,Food & Beverages,43.4,5.08
1988-11-01,02,Alcoholic Beverages & Tobacco,30.9,2.32
1988-11-01,03,Clothing & Footwear,109.1,2.63
1988-11-01,04,"Housing, Water, Electricity, Gas & Other Fuels",66.1,-2.07
1988-11-01,05,Furnishings & Household Maintenance,72.2,3.59
1988-11-01,06,Health,54.1,1.69
1988-11-01,07,Transport,53.5,8.96
1988-11-01,09,"Recreation, Sport & Culture",75.4,0.67
1988-11-01,overall,Overall CPI,54.2,3.24
1988-12-01,01,Food & Beverages,44.3,5.48
1988-12-01,02,Alcoholic Beverages & Tobacco,30.9,2.32
1988-12-01,03,Clothing & Footwear,109.1,2.54
1988-12-01,04,"Housing, Water, Electricity, Gas & Other Fuels",65.9,-2.37
1988-12-01,05,Furnishings & Household Maintenance,72.3,3.73
1988-12-01,06,Health,54.2,1.31
1988-12-01,07,Transport,53.5,8.96
1988-12-01,09,"Recreation, Sport & Culture",75.3,0.67
1988-12-01,overall,Overall CPI,54.6,3.61
1989-01-01,01,Food & Beverages,44.0,4.51
1989-01-01,02,Alcoholic Beverages & Tobacco,31.0,2.65
1989-01-01,03,Clothing & Footwear,109.5,2.34
1989-01-01,04,"Housing, Water, Electricity, Gas & Other Fuels",66.0,-1.35
1989-01-01,05,Furnishings & Household Maintenance,72.6,3.71
1989-01-01,06,Health,54.3,1.31
1989-01-01,07,Transport,54.1,8.85
1989-01-01,09,"Recreation, Sport & Culture",75.5,0.8
1989-01-01,overall,Overall CPI,54.6,3.41
1989-02-01,01,Food & Beverages,43.9,4.03
1989-02-01,02,Alcoholic Beverages & Tobacco,31.0,2.65
1989-02-01,03,Clothing & Footwear,109.6,2.14
1989-02-01,04,"Housing, Water, Electricity, Gas & Other Fuels",66.1,-1.2
1989-02-01,05,Furnishings & Household Maintenance,72.6,3.57
1989-02-01,06,Health,54.4,1.3
1989-02-01,07,Transport,54.4,9.68
1989-02-01,09,"Recreation, Sport & Culture",75.4,0.4
1989-02-01,overall,Overall CPI,54.6,3.21
1989-03-01,01,Food & Beverages,43.9,4.03
1989-03-01,02,Alcoholic Beverages & Tobacco,31.0,2.65
1989-03-01,03,Clothing & Footwear,109.6,1.95
1989-03-01,04,"Housing, Water, Electricity, Gas & Other Fuels",66.2,-1.19
1989-03-01,05,Furnishings & Household Maintenance,72.8,3.41
1989-03-01,06,Health,54.5,1.49
1989-03-01,07,Transport,54.5,8.78
1989-03-01,09,"Recreation, Sport & Culture",75.4,0.27
1989-03-01,overall,Overall CPI,54.6,3.02
1989-04-01,01,Food & Beverages,43.9,5.02
1989-04-01,02,Alcoholic Beverages & Tobacco,31.0,2.65
1989-04-01,03,Clothing & Footwear,109.6,1.76
1989-04-01,04,"Housing, Water, Electricity, Gas & Other Fuels",66.2,-1.05
1989-04-01,05,Furnishings & Household Maintenance,73.0,3.11
1989-04-01,06,Health,54.5,1.49
1989-04-01,07,Transport,54.6,7.91
1989-04-01,09,"Recreation, Sport & Culture",75.4,0.4
1989-04-01,overall,Overall CPI,54.7,3.21
1989-05-01,01,Food & Beverages,44.1,5.25
1989-05-01,02,Alcoholic Beverages & Tobacco,31.0,2.65
1989-05-01,03,Clothing & Footwear,109.7,1.86
1989-05-01,04,"Housing, Water, Electricity, Gas & Other Fuels",66.2,-1.05
1989-05-01,05,Furnishings & Household Maintenance,73.1,2.67
1989-05-01,06,Health,54.6,1.49
1989-05-01,07,Transport,54.9,8.5
1989-05-01,09,"Recreation, Sport & Culture",75.4,0.53
1989-05-01,overall,Overall CPI,54.9,3.58
1989-06-01,01,Food & Beverages,44.1,4.26
1989-06-01,02,Alcoholic Beverages & Tobacco,31.0,2.65
1989-06-01,03,Clothing & Footwear,109.7,1.76
1989-06-01,04,"Housing, Water, Electricity, Gas & Other Fuels",65.9,-0.75
1989-06-01,05,Furnishings & Household Maintenance,73.2,2.52
1989-06-01,06,Health,54.6,1.3
1989-06-01,07,Transport,55.3,4.93
1989-06-01,09,"Recreation, Sport & Culture",75.4,0.0
1989-06-01,overall,Overall CPI,54.9,2.62
1989-07-01,01,Food & Beverages,44.0,2.56
1989-07-01,02,Alcoholic Beverages & Tobacco,31.0,2.65
1989-07-01,03,Clothing & Footwear,110.1,1.85
1989-07-01,04,"Housing, Water, Electricity, Gas & Other Fuels",65.9,-0.75
1989-07-01,05,Furnishings & Household Maintenance,73.5,2.51
1989-07-01,06,Health,54.9,1.67
1989-07-01,07,Transport,56.1,6.25
1989-07-01,09,"Recreation, Sport & Culture",75.9,0.4
1989-07-01,overall,Overall CPI,55.1,2.42
1989-08-01,01,Food & Beverages,44.1,3.28
1989-08-01,02,Alcoholic Beverages & Tobacco,31.0,-0.96
1989-08-01,03,Clothing & Footwear,110.3,1.66
1989-08-01,04,"Housing, Water, Electricity, Gas & Other Fuels",65.9,-0.75
1989-08-01,05,Furnishings & Household Maintenance,73.6,2.36
1989-08-01,06,Health,55.0,1.85
1989-08-01,07,Transport,55.9,5.27
1989-08-01,09,"Recreation, Sport & Culture",76.1,1.06
1989-08-01,overall,Overall CPI,55.2,2.41
1989-09-01,01,Food & Beverages,44.4,3.02
1989-09-01,02,Alcoholic Beverages & Tobacco,31.0,-0.96
1989-09-01,03,Clothing & Footwear,110.3,1.47
1989-09-01,04,"Housing, Water, Electricity, Gas & Other Fuels",65.9,-0.3
1989-09-01,05,Furnishings & Household Maintenance,73.6,2.08
1989-09-01,06,Health,55.0,1.85
1989-09-01,07,Transport,56.1,5.65
1989-09-01,09,"Recreation, Sport & Culture",75.9,0.66
1989-09-01,overall,Overall CPI,55.4,2.59
1989-10-01,01,Food & Beverages,44.4,3.26
1989-10-01,02,Alcoholic Beverages & Tobacco,31.0,0.32
1989-10-01,03,Clothing & Footwear,110.4,1.47
1989-10-01,04,"Housing, Water, Electricity, Gas & Other Fuels",65.9,-0.3
1989-10-01,05,Furnishings & Household Maintenance,73.7,2.22
1989-10-01,06,Health,55.1,2.04
1989-10-01,07,Transport,56.2,5.64
1989-10-01,09,"Recreation, Sport & Culture",75.9,0.66
1989-10-01,overall,Overall CPI,55.4,2.78
1989-11-01,01,Food & Beverages,45.0,3.69
1989-11-01,02,Alcoholic Beverages & Tobacco,31.0,0.32
1989-11-01,03,Clothing & Footwear,110.4,1.19
1989-11-01,04,"Housing, Water, Electricity, Gas & Other Fuels",65.9,-0.3
1989-11-01,05,Furnishings & Household Maintenance,73.8,2.22
1989-11-01,06,Health,55.2,2.03
1989-11-01,07,Transport,56.4,5.42
1989-11-01,09,"Recreation, Sport & Culture",75.9,0.66
1989-11-01,overall,Overall CPI,55.6,2.58
1989-12-01,01,Food & Beverages,45.2,2.03
1989-12-01,02,Alcoholic Beverages & Tobacco,31.0,0.32
1989-12-01,03,Clothing & Footwear,110.4,1.19
1989-12-01,04,"Housing, Water, Electricity, Gas & Other Fuels",65.8,-0.15
1989-12-01,05,Furnishings & Household Maintenance,73.8,2.07
1989-12-01,06,Health,55.3,2.03
1989-12-01,07,Transport,56.4,5.42
1989-12-01,09,"Recreation, Sport & Culture",75.9,0.8
1989-12-01,overall,Overall CPI,55.7,2.01
1990-01-01,01,Food & Beverages,45.4,3.18
1990-01-01,02,Alcoholic Beverages & Tobacco,31.0,0.0
1990-01-01,03,Clothing & Footwear,111.4,1.74
1990-01-01,04,"Housing, Water, Electricity, Gas & Other Fuels",65.9,-0.15
1990-01-01,05,Furnishings & Household Maintenance,74.0,1.93
1990-01-01,06,Health,55.9,2.95
1990-01-01,07,Transport,56.9,5.18
1990-01-01,09,"Recreation, Sport & Culture",76.2,0.93
1990-01-01,overall,Overall CPI,56.1,2.75
1990-02-01,01,Food & Beverages,45.8,4.33
1990-02-01,02,Alcoholic Beverages & Tobacco,31.0,0.0
1990-02-01,03,Clothing & Footwear,111.9,2.1
1990-02-01,04,"Housing, Water, Electricity, Gas & Other Fuels",65.9,-0.3
1990-02-01,05,Furnishings & Household Maintenance,74.5,2.62
1990-02-01,06,Health,55.9,2.76
1990-02-01,07,Transport,57.5,5.7
1990-02-01,09,"Recreation, Sport & Culture",76.2,1.06
1990-02-01,overall,Overall CPI,56.4,3.3
1990-03-01,01,Food & Beverages,45.6,3.87
1990-03-01,02,Alcoholic Beverages & Tobacco,31.0,0.0
1990-03-01,03,Clothing & Footwear,112.4,2.55
1990-03-01,04,"Housing, Water, Electricity, Gas & Other Fuels",66.0,-0.3
1990-03-01,05,Furnishings & Household Maintenance,74.5,2.34
1990-03-01,06,Health,55.9,2.57
1990-03-01,07,Transport,57.7,5.87
1990-03-01,09,"Recreation, Sport & Culture",76.2,1.06
1990-03-01,overall,Overall CPI,56.3,3.11
1990-04-01,01,Food & Beverages,46.1,5.01
1990-04-01,02,Alcoholic Beverages & Tobacco,32.1,3.55
1990-04-01,03,Clothing & Footwear,111.4,1.64
1990-04-01,04,"Housing, Water, Electricity, Gas & Other Fuels",66.1,-0.15
1990-04-01,05,Furnishings & Household Maintenance,74.5,2.05
1990-04-01,06,Health,56.0,2.75
1990-04-01,07,Transport,57.7,5.68
1990-04-01,09,"Recreation, Sport & Culture",76.3,1.19
1990-04-01,overall,Overall CPI,56.5,3.29
1990-05-01,01,Food & Beverages,46.4,5.22
1990-05-01,02,Alcoholic Beverages & Tobacco,32.1,3.55
1990-05-01,03,Clothing & Footwear,111.4,1.55
1990-05-01,04,"Housing, Water, Electricity, Gas & Other Fuels",66.1,-0.15
1990-05-01,05,Furnishings & Household Maintenance,74.6,2.05
1990-05-01,06,Health,56.0,2.56
1990-05-01,07,Transport,57.7,5.1
1990-05-01,09,"Recreation, Sport & Culture",76.3,1.19
1990-05-01,overall,Overall CPI,56.8,3.46
1990-06-01,01,Food & Beverages,46.3,4.99
1990-06-01,02,Alcoholic Beverages & Tobacco,32.1,3.55
1990-06-01,03,Clothing & Footwear,111.7,1.82
1990-06-01,04,"Housing, Water, Electricity, Gas & Other Fuels",66.2,0.46
1990-06-01,05,Furnishings & Household Maintenance,74.5,1.78
1990-06-01,06,Health,56.1,2.75
1990-06-01,07,Transport,57.7,4.34
1990-06-01,09,"Recreation, Sport & Culture",76.2,1.06
1990-06-01,overall,Overall CPI,56.7,3.28
1990-07-01,01,Food & Beverages,45.8,4.09
1990-07-01,02,Alcoholic Beverages & Tobacco,32.1,3.55
1990-07-01,03,Clothing & Footwear,111.8,1.54
1990-07-01,04,"Housing, Water, Electricity, Gas & Other Fuels",66.2,0.46
1990-07-01,05,Furnishings & Household Maintenance,74.6,1.5
1990-07-01,06,Health,56.2,2.37
1990-07-01,07,Transport,57.7,2.85
1990-07-01,09,"Recreation, Sport & Culture",76.3,0.53
1990-07-01,overall,Overall CPI,56.5,2.54
1990-08-01,01,Food & Beverages,45.6,3.4
1990-08-01,02,Alcoholic Beverages & Tobacco,32.1,3.55
1990-08-01,03,Clothing & Footwear,111.5,1.09
1990-08-01,04,"Housing, Water, Electricity, Gas & Other Fuels",66.3,0.61
1990-08-01,05,Furnishings & Household Maintenance,74.6,1.36
1990-08-01,06,Health,56.3,2.36
1990-08-01,07,Transport,57.8,3.4
1990-08-01,09,"Recreation, Sport & Culture",76.3,0.26
1990-08-01,overall,Overall CPI,56.5,2.36
1990-09-01,01,Food & Beverages,46.0,3.6
1990-09-01,02,Alcoholic Beverages & Tobacco,32.1,3.55
1990-09-01,03,Clothing & Footwear,111.5,1.09
1990-09-01,04,"Housing, Water, Electricity, Gas & Other Fuels",66.2,0.46
1990-09-01,05,Furnishings & Household Maintenance,74.7,1.49
1990-09-01,06,Health,56.3,2.36
1990-09-01,07,Transport,58.3,3.92
1990-09-01,09,"Recreation, Sport & Culture",76.3,0.53
1990-09-01,overall,Overall CPI,56.8,2.53
1990-10-01,01,Food & Beverages,46.1,3.83
1990-10-01,02,Alcoholic Beverages & Tobacco,32.1,3.55
1990-10-01,03,Clothing & Footwear,111.8,1.27
1990-10-01,04,"Housing, Water, Electricity, Gas & Other Fuels",66.4,0.76
1990-10-01,05,Furnishings & Household Maintenance,74.8,1.49
1990-10-01,06,Health,56.4,2.36
1990-10-01,07,Transport,59.6,6.05
1990-10-01,09,"Recreation, Sport & Culture",76.3,0.53
1990-10-01,overall,Overall CPI,57.2,3.25
1990-11-01,01,Food & Beverages,46.8,4.0
1990-11-01,02,Alcoholic Beverages & Tobacco,32.5,4.84
1990-11-01,03,Clothing & Footwear,112.3,1.72
1990-11-01,04,"Housing, Water, Electricity, Gas & Other Fuels",66.7,1.21
1990-11-01,05,Furnishings & Household Maintenance,75.0,1.63
1990-11-01,06,Health,56.6,2.54
1990-11-01,07,Transport,59.7,5.85
1990-11-01,09,"Recreation, Sport & Culture",76.3,0.53
1990-11-01,overall,Overall CPI,57.5,3.42
1990-12-01,01,Food & Beverages,47.2,4.42
1990-12-01,02,Alcoholic Beverages & Tobacco,34.0,9.68
1990-12-01,03,Clothing & Footwear,112.9,2.26
1990-12-01,04,"Housing, Water, Electricity, Gas & Other Fuels",66.7,1.37
1990-12-01,05,Furnishings & Household Maintenance,75.3,2.03
1990-12-01,06,Health,56.8,2.71
1990-12-01,07,Transport,59.7,5.85
1990-12-01,09,"Recreation, Sport & Culture",76.3,0.53
1990-12-01,overall,Overall CPI,57.8,3.77
1991-01-01,01,Food & Beverages,47.2,3.96
1991-01-01,02,Alcoholic Beverages & Tobacco,34.2,10.32
1991-01-01,03,Clothing & Footwear,113.3,1.71
1991-01-01,04,"Housing, Water, Electricity, Gas & Other Fuels",67.0,1.67
1991-01-01,05,Furnishings & Household Maintenance,75.5,2.03
1991-01-01,06,Health,57.1,2.15
1991-01-01,07,Transport,60.2,5.8
1991-01-01,09,"Recreation, Sport & Culture",76.2,0.0
1991-01-01,overall,Overall CPI,58.1,3.57
1991-02-01,01,Food & Beverages,47.2,3.06
1991-02-01,02,Alcoholic Beverages & Tobacco,34.2,10.32
1991-02-01,03,Clothing & Footwear,115.6,3.31
1991-02-01,04,"Housing, Water, Electricity, Gas & Other Fuels",67.8,2.88
1991-02-01,05,Furnishings & Household Maintenance,76.9,3.22
1991-02-01,06,Health,58.9,5.37
1991-02-01,07,Transport,60.3,4.87
1991-02-01,09,"Recreation, Sport & Culture",76.2,0.0
1991-02-01,overall,Overall CPI,58.3,3.37
1991-03-01,01,Food & Beverages,47.4,3.95
1991-03-01,02,Alcoholic Beverages & Tobacco,34.3,10.65
1991-03-01,03,Clothing & Footwear,115.9,3.11
1991-03-01,04,"Housing, Water, Electricity, Gas & Other Fuels",67.8,2.73
1991-03-01,05,Furnishings & Household Maintenance,77.2,3.62
1991-03-01,06,Health,59.1,5.72
1991-03-01,07,Transport,60.4,4.68
1991-03-01,09,"Recreation, Sport & Culture",77.1,1.18
1991-03-01,overall,Overall CPI,58.4,3.73
1991-04-01,01,Food & Beverages,48.1,4.34
1991-04-01,02,Alcoholic Beverages & Tobacco,34.4,7.17
1991-04-01,03,Clothing & Footwear,119.6,7.36
1991-04-01,04,"Housing, Water, Electricity, Gas & Other Fuels",67.7,2.42
1991-04-01,05,Furnishings & Household Maintenance,77.7,4.3
1991-04-01,06,Health,59.1,5.54
1991-04-01,07,Transport,60.4,4.68
1991-04-01,09,"Recreation, Sport & Culture",77.0,0.92
1991-04-01,overall,Overall CPI,58.9,4.25
1991-05-01,01,Food & Beverages,48.4,4.31
1991-05-01,02,Alcoholic Beverages & Tobacco,34.5,7.48
1991-05-01,03,Clothing & Footwear,119.7,7.45
1991-05-01,04,"Housing, Water, Electricity, Gas & Other Fuels",68.2,3.18
1991-05-01,05,Furnishings & Household Maintenance,77.9,4.42
1991-05-01,06,Health,59.2,5.71
1991-05-01,07,Transport,60.5,4.85
1991-05-01,09,"Recreation, Sport & Culture",77.1,1.05
1991-05-01,overall,Overall CPI,59.1,4.05
1991-06-01,01,Food & Beverages,49.3,6.48
1991-06-01,02,Alcoholic Beverages & Tobacco,34.5,7.48
1991-06-01,03,Clothing & Footwear,119.8,7.25
1991-06-01,04,"Housing, Water, Electricity, Gas & Other Fuels",68.1,2.87
1991-06-01,05,Furnishings & Household Maintenance,78.1,4.83
1991-06-01,06,Health,59.2,5.53
1991-06-01,07,Transport,60.5,4.85
1991-06-01,09,"Recreation, Sport & Culture",77.2,1.31
1991-06-01,overall,Overall CPI,59.6,5.11
1991-07-01,01,Food & Beverages,48.5,5.9
1991-07-01,02,Alcoholic Beverages & Tobacco,34.6,7.79
1991-07-01,03,Clothing & Footwear,120.0,7.33
1991-07-01,04,"Housing, Water, Electricity, Gas & Other Fuels",68.2,3.02
1991-07-01,05,Furnishings & Household Maintenance,78.5,5.23
1991-07-01,06,Health,59.4,5.69
1991-07-01,07,Transport,60.5,4.85
1991-07-01,09,"Recreation, Sport & Culture",79.5,4.19
1991-07-01,overall,Overall CPI,59.3,4.96
1991-08-01,01,Food & Beverages,48.6,6.58
1991-08-01,02,Alcoholic Beverages & Tobacco,34.6,7.79
1991-08-01,03,Clothing & Footwear,120.0,7.62
1991-08-01,04,"Housing, Water, Electricity, Gas & Other Fuels",68.6,3.47
1991-08-01,05,Furnishings & Household Maintenance,78.5,5.23
1991-08-01,06,Health,59.4,5.51
1991-08-01,07,Transport,60.6,4.84
1991-08-01,09,"Recreation, Sport & Culture",79.9,4.72
1991-08-01,overall,Overall CPI,59.5,5.31
1991-09-01,01,Food & Beverages,48.1,4.57
1991-09-01,02,Alcoholic Beverages & Tobacco,34.6,7.79
1991-09-01,03,Clothing & Footwear,120.1,7.71
1991-09-01,04,"Housing, Water, Electricity, Gas & Other Fuels",68.6,3.63
1991-09-01,05,Furnishings & Household Maintenance,78.6,5.22
1991-09-01,06,Health,59.5,5.68
1991-09-01,07,Transport,61.1,4.8
1991-09-01,09,"Recreation, Sport & Culture",79.9,4.72
1991-09-01,overall,Overall CPI,59.4,4.58
1991-10-01,01,Food & Beverages,48.5,5.21
1991-10-01,02,Alcoholic Beverages & Tobacco,34.6,7.79
1991-10-01,03,Clothing & Footwear,120.6,7.87
1991-10-01,04,"Housing, Water, Electricity, Gas & Other Fuels",68.6,3.31
1991-10-01,05,Furnishings & Household Maintenance,78.7,5.21
1991-10-01,06,Health,59.7,5.85
1991-10-01,07,Transport,61.1,2.52
1991-10-01,09,"Recreation, Sport & Culture",79.9,4.72
1991-10-01,overall,Overall CPI,59.6,4.2
1991-11-01,01,Food & Beverages,48.9,4.49
1991-11-01,02,Alcoholic Beverages & Tobacco,34.8,7.08
1991-11-01,03,Clothing & Footwear,120.5,7.3
1991-11-01,04,"Housing, Water, Electricity, Gas & Other Fuels",69.1,3.6
1991-11-01,05,Furnishings & Household Maintenance,78.8,5.07
1991-11-01,06,Health,59.9,5.83
1991-11-01,07,Transport,61.1,2.35
1991-11-01,09,"Recreation, Sport & Culture",79.9,4.72
1991-11-01,overall,Overall CPI,59.9,4.17
1991-12-01,01,Food & Beverages,49.8,5.51
1991-12-01,02,Alcoholic Beverages & Tobacco,35.0,2.94
1991-12-01,03,Clothing & Footwear,120.6,6.82
1991-12-01,04,"Housing, Water, Electricity, Gas & Other Fuels",69.1,3.6
1991-12-01,05,Furnishings & Household Maintenance,78.8,4.65
1991-12-01,06,Health,59.9,5.46
1991-12-01,07,Transport,61.2,2.51
1991-12-01,09,"Recreation, Sport & Culture",79.9,4.72
1991-12-01,overall,Overall CPI,60.4,4.5
1992-01-01,01,Food & Beverages,50.1,6.14
1992-01-01,02,Alcoholic Beverages & Tobacco,35.1,2.63
1992-01-01,03,Clothing & Footwear,121.0,6.8
1992-01-01,04,"Housing, Water, Electricity, Gas & Other Fuels",67.0,0.0
1992-01-01,05,Furnishings & Household Maintenance,75.5,0.0
1992-01-01,06,Health,57.1,0.0
1992-01-01,07,Transport,60.2,0.0
1992-01-01,09,"Recreation, Sport & Culture",76.2,0.0
1992-01-01,overall,Overall CPI,60.6,4.3
1992-02-01,01,Food & Beverages,50.2,6.36
1992-02-01,02,Alcoholic Beverages & Tobacco,35.1,2.63
1992-02-01,03,Clothing & Footwear,121.4,5.02
1992-02-01,04,"Housing, Water, Electricity, Gas & Other Fuels",67.8,0.0
1992-02-01,05,Furnishings & Household Maintenance,76.9,0.0
1992-02-01,06,Health,58.9,0.0
1992-02-01,07,Transport,60.3,0.0
1992-02-01,09,"Recreation, Sport & Culture",76.2,0.0
1992-02-01,overall,Overall CPI,60.9,4.46
1992-03-01,01,Food & Beverages,50.4,6.33
1992-03-01,02,Alcoholic Beverages & Tobacco,35.1,2.33
1992-03-01,03,Clothing & Footwear,121.7,5.0
1992-03-01,04,"Housing, Water, Electricity, Gas & Other Fuels",67.8,0.0
1992-03-01,05,Furnishings & Household Maintenance,77.2,0.0
1992-03-01,06,Health,59.1,0.0
1992-03-01,07,Transport,60.4,0.0
1992-03-01,09,"Recreation, Sport & Culture",77.1,0.0
1992-03-01,overall,Overall CPI,61.1,4.62
1992-04-01,01,Food & Beverages,51.5,7.07
1992-04-01,02,Alcoholic Beverages & Tobacco,35.2,2.33
1992-04-01,03,Clothing & Footwear,122.0,2.01
1992-04-01,04,"Housing, Water, Electricity, Gas & Other Fuels",67.7,0.0
1992-04-01,05,Furnishings & Household Maintenance,77.7,0.0
1992-04-01,06,Health,59.1,0.0
1992-04-01,07,Transport,60.4,0.0
1992-04-01,09,"Recreation, Sport & Culture",77.0,0.0
1992-04-01,overall,Overall CPI,61.5,4.41
1992-05-01,01,Food & Beverages,52.1,7.64
1992-05-01,02,Alcoholic Beverages & Tobacco,37.3,8.12
1992-05-01,03,Clothing & Footwear,122.4,2.26
1992-05-01,04,"Housing, Water, Electricity, Gas & Other Fuels",68.2,0.0
1992-05-01,05,Furnishings & Household Maintenance,77.9,0.0
1992-05-01,06,Health,59.2,0.0
1992-05-01,07,Transport,60.5,0.0
1992-05-01,09,"Recreation, Sport & Culture",77.1,0.0
1992-05-01,overall,Overall CPI,62.1,5.08
1992-06-01,01,Food & Beverages,52.1,5.68
1992-06-01,02,Alcoholic Beverages & Tobacco,37.3,8.12
1992-06-01,03,Clothing & Footwear,122.3,2.09
1992-06-01,04,"Housing, Water, Electricity, Gas & Other Fuels",68.1,0.0
1992-06-01,05,Furnishings & Household Maintenance,78.1,0.0
1992-06-01,06,Health,59.2,0.0
1992-06-01,07,Transport,60.5,0.0
1992-06-01,09,"Recreation, Sport & Culture",77.2,0.0
1992-06-01,overall,Overall CPI,62.2,4.36
1992-07-01,01,Food & Beverages,52.0,7.22
1992-07-01,02,Alcoholic Beverages & Tobacco,37.3,7.8
1992-07-01,03,Clothing & Footwear,123.2,2.67
1992-07-01,04,"Housing, Water, Electricity, Gas & Other Fuels",68.2,0.0
1992-07-01,05,Furnishings & Household Maintenance,78.5,0.0
1992-07-01,06,Health,59.4,0.0
1992-07-01,07,Transport,60.5,0.0
1992-07-01,09,"Recreation, Sport & Culture",79.5,0.0
1992-07-01,overall,Overall CPI,62.3,5.06
1992-08-01,01,Food & Beverages,52.3,7.61
1992-08-01,02,Alcoholic Beverages & Tobacco,37.3,7.8
1992-08-01,03,Clothing & Footwear,123.2,2.67
1992-08-01,04,"Housing, Water, Electricity, Gas & Other Fuels",68.6,0.0
1992-08-01,05,Furnishings & Household Maintenance,78.5,0.0
1992-08-01,06,Health,59.4,0.0
1992-08-01,07,Transport,60.6,0.0
1992-08-01,09,"Recreation, Sport & Culture",79.9,0.0
1992-08-01,overall,Overall CPI,62.5,5.04
1992-09-01,01,Food & Beverages,52.2,8.52
1992-09-01,02,Alcoholic Beverages & Tobacco,37.3,7.8
1992-09-01,03,Clothing & Footwear,123.0,2.41
1992-09-01,04,"Housing, Water, Electricity, Gas & Other Fuels",68.6,0.0
1992-09-01,05,Furnishings & Household Maintenance,78.6,0.0
1992-09-01,06,Health,59.5,0.0
1992-09-01,07,Transport,61.1,0.0
1992-09-01,09,"Recreation, Sport & Culture",79.9,0.0
1992-09-01,overall,Overall CPI,62.5,5.22
1992-10-01,01,Food & Beverages,51.5,6.19
1992-10-01,02,Alcoholic Beverages & Tobacco,37.3,7.8
1992-10-01,03,Clothing & Footwear,122.7,1.74
1992-10-01,04,"Housing, Water, Electricity, Gas & Other Fuels",68.6,0.0
1992-10-01,05,Furnishings & Household Maintenance,78.7,0.0
1992-10-01,06,Health,59.7,0.0
1992-10-01,07,Transport,61.1,0.0
1992-10-01,09,"Recreation, Sport & Culture",79.9,0.0
1992-10-01,overall,Overall CPI,62.4,4.7
1992-11-01,01,Food & Beverages,51.5,5.32
1992-11-01,02,Alcoholic Beverages & Tobacco,42.6,22.41
1992-11-01,03,Clothing & Footwear,122.6,1.74
1992-11-01,04,"Housing, Water, Electricity, Gas & Other Fuels",69.1,0.0
1992-11-01,05,Furnishings & Household Maintenance,78.8,0.0
1992-11-01,06,Health,59.9,0.0
1992-11-01,07,Transport,61.1,0.0
1992-11-01,09,"Recreation, Sport & Culture",79.9,0.0
1992-11-01,overall,Overall CPI,63.1,5.34
1992-12-01,01,Food & Beverages,51.9,4.22
1992-12-01,02,Alcoholic Beverages & Tobacco,42.8,22.29
1992-12-01,03,Clothing & Footwear,122.6,1.66
1992-12-01,04,"Housing, Water, Electricity, Gas & Other Fuels",69.1,0.0
1992-12-01,05,Furnishings & Household Maintenance,78.8,0.0
1992-12-01,06,Health,59.9,0.0
1992-12-01,07,Transport,61.2,0.0
1992-12-01,09,"Recreation, Sport & Culture",79.9,0.0
1992-12-01,overall,Overall CPI,63.2,4.64
1993-01-01,01,Food & Beverages,51.7,3.19
1993-01-01,02,Alcoholic Beverages & Tobacco,43.0,22.51
1993-01-01,03,Clothing & Footwear,123.2,1.82
1993-01-01,04,"Housing, Water, Electricity, Gas & Other Fuels",71.9,7.31
1993-01-01,05,Furnishings & Household Maintenance,80.0,5.96
1993-01-01,06,Health,62.8,9.98
1993-01-01,07,Transport,66.3,10.13
1993-01-01,09,"Recreation, Sport & Culture",80.9,6.17
1993-01-01,overall,Overall CPI,63.3,4.46
1993-02-01,01,Food & Beverages,51.6,2.79
1993-02-01,02,Alcoholic Beverages & Tobacco,43.0,22.51
1993-02-01,03,Clothing & Footwear,123.2,1.48
1993-02-01,04,"Housing, Water, Electricity, Gas & Other Fuels",72.6,7.08
1993-02-01,05,Furnishings & Household Maintenance,80.2,4.29
1993-02-01,06,Health,63.2,7.3
1993-02-01,07,Transport,66.3,9.95
1993-02-01,09,"Recreation, Sport & Culture",81.2,6.56
1993-02-01,overall,Overall CPI,63.5,4.27
1993-03-01,01,Food & Beverages,51.7,2.58
1993-03-01,02,Alcoholic Beverages & Tobacco,43.0,22.51
1993-03-01,03,Clothing & Footwear,122.7,0.82
1993-03-01,04,"Housing, Water, Electricity, Gas & Other Fuels",72.7,7.23
1993-03-01,05,Furnishings & Household Maintenance,80.3,4.02
1993-03-01,06,Health,63.9,8.12
1993-03-01,07,Transport,66.7,10.43
1993-03-01,09,"Recreation, Sport & Culture",81.2,5.32
1993-03-01,overall,Overall CPI,63.6,4.09
1993-04-01,01,Food & Beverages,52.1,1.17
1993-04-01,02,Alcoholic Beverages & Tobacco,43.1,22.44
1993-04-01,03,Clothing & Footwear,123.2,0.98
1993-04-01,04,"Housing, Water, Electricity, Gas & Other Fuels",72.7,7.39
1993-04-01,05,Furnishings & Household Maintenance,80.5,3.6
1993-04-01,06,Health,64.1,8.46
1993-04-01,07,Transport,66.7,10.43
1993-04-01,09,"Recreation, Sport & Culture",81.3,5.58
1993-04-01,overall,Overall CPI,63.9,3.9
1993-05-01,01,Food & Beverages,52.3,0.38
1993-05-01,02,Alcoholic Beverages & Tobacco,43.1,15.55
1993-05-01,03,Clothing & Footwear,123.3,0.74
1993-05-01,04,"Housing, Water, Electricity, Gas & Other Fuels",73.2,7.33
1993-05-01,05,Furnishings & Household Maintenance,80.6,3.47
1993-05-01,06,Health,64.2,8.45
1993-05-01,07,Transport,66.7,10.25
1993-05-01,09,"Recreation, Sport & Culture",80.8,4.8
1993-05-01,overall,Overall CPI,64.0,3.06
1993-06-01,01,Food & Beverages,52.8,1.34
1993-06-01,02,Alcoholic Beverages & Tobacco,43.1,15.55
1993-06-01,03,Clothing & Footwear,122.7,0.33
1993-06-01,04,"Housing, Water, Electricity, Gas & Other Fuels",73.2,7.49
1993-06-01,05,Furnishings & Household Maintenance,81.0,3.71
1993-06-01,06,Health,64.6,9.12
1993-06-01,07,Transport,66.7,10.25
1993-06-01,09,"Recreation, Sport & Culture",80.8,4.66
1993-06-01,overall,Overall CPI,64.2,3.22
1993-07-01,01,Food & Beverages,53.3,2.5
1993-07-01,02,Alcoholic Beverages & Tobacco,43.1,15.55
1993-07-01,03,Clothing & Footwear,123.5,0.24
1993-07-01,04,"Housing, Water, Electricity, Gas & Other Fuels",73.3,7.48
1993-07-01,05,Furnishings & Household Maintenance,81.4,3.69
1993-07-01,06,Health,64.8,9.09
1993-07-01,07,Transport,66.7,10.25
1993-07-01,09,"Recreation, Sport & Culture",80.8,1.64
1993-07-01,overall,Overall CPI,64.6,3.69
1993-08-01,01,Food & Beverages,52.7,0.76
1993-08-01,02,Alcoholic Beverages & Tobacco,43.1,15.55
1993-08-01,03,Clothing & Footwear,122.9,-0.24
1993-08-01,04,"Housing, Water, Electricity, Gas & Other Fuels",73.6,7.29
1993-08-01,05,Furnishings & Household Maintenance,81.7,4.08
1993-08-01,06,Health,64.9,9.26
1993-08-01,07,Transport,66.8,10.23
1993-08-01,09,"Recreation, Sport & Culture",80.8,1.13
1993-08-01,overall,Overall CPI,64.3,2.88
1993-09-01,01,Food & Beverages,52.7,0.96
1993-09-01,02,Alcoholic Beverages & Tobacco,43.1,15.55
1993-09-01,03,Clothing & Footwear,123.3,0.24
1993-09-01,04,"Housing, Water, Electricity, Gas & Other Fuels",73.6,7.29
1993-09-01,05,Furnishings & Household Maintenance,81.7,3.94
1993-09-01,06,Health,64.9,9.08
1993-09-01,07,Transport,66.8,9.33
1993-09-01,09,"Recreation, Sport & Culture",80.9,1.25
1993-09-01,overall,Overall CPI,64.4,3.04
1993-10-01,01,Food & Beverages,53.1,3.11
1993-10-01,02,Alcoholic Beverages & Tobacco,43.1,15.55
1993-10-01,03,Clothing & Footwear,123.3,0.49
1993-10-01,04,"Housing, Water, Electricity, Gas & Other Fuels",73.6,7.29
1993-10-01,05,Furnishings & Household Maintenance,81.8,3.94
1993-10-01,06,Health,65.0,8.88
1993-10-01,07,Transport,66.8,9.33
1993-10-01,09,"Recreation, Sport & Culture",81.1,1.5
1993-10-01,overall,Overall CPI,64.6,3.53
1993-11-01,01,Food & Beverages,53.8,4.47
1993-11-01,02,Alcoholic Beverages & Tobacco,43.1,1.17
1993-11-01,03,Clothing & Footwear,122.0,-0.49
1993-11-01,04,"Housing, Water, Electricity, Gas & Other Fuels",74.1,7.24
1993-11-01,05,Furnishings & Household Maintenance,81.8,3.81
1993-11-01,06,Health,65.1,8.68
1993-11-01,07,Transport,66.9,9.49
1993-11-01,09,"Recreation, Sport & Culture",81.1,1.5
1993-11-01,overall,Overall CPI,65.0,3.01
1993-12-01,01,Food & Beverages,54.1,4.24
1993-12-01,02,Alcoholic Beverages & Tobacco,43.1,0.7
1993-12-01,03,Clothing & Footwear,122.3,-0.24
1993-12-01,04,"Housing, Water, Electricity, Gas & Other Fuels",73.8,6.8
1993-12-01,05,Furnishings & Household Maintenance,82.0,4.06
1993-12-01,06,Health,65.1,8.68
1993-12-01,07,Transport,69.0,12.75
1993-12-01,09,"Recreation, Sport & Culture",81.3,1.75
1993-12-01,overall,Overall CPI,65.4,3.48
1994-01-01,01,Food & Beverages,54.7,5.8
1994-01-01,02,Alcoholic Beverages & Tobacco,45.1,4.88
1994-01-01,03,Clothing & Footwear,122.4,-0.65
1994-01-01,04,"Housing, Water, Electricity, Gas & Other Fuels",73.9,2.78
1994-01-01,05,Furnishings & Household Maintenance,82.1,2.62
1994-01-01,06,Health,65.4,4.14
1994-01-01,07,Transport,69.3,4.52
1994-01-01,09,"Recreation, Sport & Culture",81.3,0.49
1994-01-01,overall,Overall CPI,65.7,3.79
1994-02-01,01,Food & Beverages,56.2,8.91
1994-02-01,02,Alcoholic Beverages & Tobacco,45.1,4.88
1994-02-01,03,Clothing & Footwear,122.2,-0.81
1994-02-01,04,"Housing, Water, Electricity, Gas & Other Fuels",74.3,2.34
1994-02-01,05,Furnishings & Household Maintenance,82.2,2.49
1994-02-01,06,Health,65.6,3.8
1994-02-01,07,Transport,69.4,4.68
1994-02-01,09,"Recreation, Sport & Culture",81.3,0.12
1994-02-01,overall,Overall CPI,66.3,4.41
1994-03-01,01,Food & Beverages,55.6,7.54
1994-03-01,02,Alcoholic Beverages & Tobacco,45.1,4.88
1994-03-01,03,Clothing & Footwear,122.0,-0.57
1994-03-01,04,"Housing, Water, Electricity, Gas & Other Fuels",74.3,2.2
1994-03-01,05,Furnishings & Household Maintenance,82.1,2.24
1994-03-01,06,Health,65.8,2.97
1994-03-01,07,Transport,69.5,4.2
1994-03-01,09,"Recreation, Sport & Culture",81.3,0.12
1994-03-01,overall,Overall CPI,66.1,3.93
1994-04-01,01,Food & Beverages,55.1,5.76
1994-04-01,02,Alcoholic Beverages & Tobacco,45.1,4.64
1994-04-01,03,Clothing & Footwear,122.6,-0.49
1994-04-01,04,"Housing, Water, Electricity, Gas & Other Fuels",74.4,2.34
1994-04-01,05,Furnishings & Household Maintenance,82.2,2.11
1994-04-01,06,Health,66.1,3.12
1994-04-01,07,Transport,69.5,4.2
1994-04-01,09,"Recreation, Sport & Culture",81.3,0.0
1994-04-01,overall,Overall CPI,66.1,3.44
1994-05-01,01,Food & Beverages,55.2,5.54
1994-05-01,02,Alcoholic Beverages & Tobacco,45.1,4.64
1994-05-01,03,Clothing & Footwear,122.3,-0.81
1994-05-01,04,"Housing, Water, Electricity, Gas & Other Fuels",74.8,2.19
1994-05-01,05,Furnishings & Household Maintenance,82.2,1.99
1994-05-01,06,Health,66.5,3.58
1994-05-01,07,Transport,69.8,4.65
1994-05-01,09,"Recreation, Sport & Culture",81.3,0.62
1994-05-01,overall,Overall CPI,66.2,3.44
1994-06-01,01,Food & Beverages,54.8,3.79
1994-06-01,02,Alcoholic Beverages & Tobacco,45.2,4.87
1994-06-01,03,Clothing & Footwear,121.6,-0.9
1994-06-01,04,"Housing, Water, Electricity, Gas & Other Fuels",74.8,2.19
1994-06-01,05,Furnishings & Household Maintenance,82.2,1.48
1994-06-01,06,Health,66.6,3.1
1994-06-01,07,Transport,69.9,4.8
1994-06-01,09,"Recreation, Sport & Culture",81.4,0.74
1994-06-01,overall,Overall CPI,66.1,2.96
1994-07-01,01,Food & Beverages,54.9,3.0
1994-07-01,02,Alcoholic Beverages & Tobacco,45.2,4.87
1994-07-01,03,Clothing & Footwear,122.5,-0.81
1994-07-01,04,"Housing, Water, Electricity, Gas & Other Fuels",74.6,1.77
1994-07-01,05,Furnishings & Household Maintenance,82.4,1.23
1994-07-01,06,Health,66.8,3.09
1994-07-01,07,Transport,69.9,4.8
1994-07-01,09,"Recreation, Sport & Culture",81.5,0.87
1994-07-01,overall,Overall CPI,66.6,3.1
1994-08-01,01,Food & Beverages,54.8,3.98
1994-08-01,02,Alcoholic Beverages & Tobacco,45.3,5.1
1994-08-01,03,Clothing & Footwear,121.7,-0.98
1994-08-01,04,"Housing, Water, Electricity, Gas & Other Fuels",75.3,2.31
1994-08-01,05,Furnishings & Household Maintenance,82.5,0.98
1994-08-01,06,Health,66.9,3.08
1994-08-01,07,Transport,70.2,5.09
1994-08-01,09,"Recreation, Sport & Culture",81.8,1.24
1994-08-01,overall,Overall CPI,66.7,3.73
1994-09-01,01,Food & Beverages,55.4,5.12
1994-09-01,02,Alcoholic Beverages & Tobacco,45.2,4.87
1994-09-01,03,Clothing & Footwear,122.0,-1.05
1994-09-01,04,"Housing, Water, Electricity, Gas & Other Fuels",75.3,2.31
1994-09-01,05,Furnishings & Household Maintenance,82.5,0.98
1994-09-01,06,Health,67.2,3.54
1994-09-01,07,Transport,70.3,5.24
1994-09-01,09,"Recreation, Sport & Culture",81.8,1.11
1994-09-01,overall,Overall CPI,67.0,4.04
1994-10-01,01,Food & Beverages,55.7,4.9
1994-10-01,02,Alcoholic Beverages & Tobacco,45.2,4.87
1994-10-01,03,Clothing & Footwear,121.4,-1.54
1994-10-01,04,"Housing, Water, Electricity, Gas & Other Fuels",75.6,2.72
1994-10-01,05,Furnishings & Household Maintenance,82.6,0.98
1994-10-01,06,Health,67.3,3.54
1994-10-01,07,Transport,70.3,5.24
1994-10-01,09,"Recreation, Sport & Culture",81.9,0.99
1994-10-01,overall,Overall CPI,67.1,3.87
1994-11-01,01,Food & Beverages,56.2,4.46
1994-11-01,02,Alcoholic Beverages & Tobacco,45.3,5.1
1994-11-01,03,Clothing & Footwear,121.7,-0.25
1994-11-01,04,"Housing, Water, Electricity, Gas & Other Fuels",76.2,2.83
1994-11-01,05,Furnishings & Household Maintenance,82.7,1.1
1994-11-01,06,Health,67.4,3.53
1994-11-01,07,Transport,70.6,5.53
1994-11-01,09,"Recreation, Sport & Culture",81.8,0.86
1994-11-01,overall,Overall CPI,67.5,3.85
1994-12-01,01,Food & Beverages,56.7,4.81
1994-12-01,02,Alcoholic Beverages & Tobacco,45.3,5.1
1994-12-01,03,Clothing & Footwear,121.8,-0.41
1994-12-01,04,"Housing, Water, Electricity, Gas & Other Fuels",76.2,3.25
1994-12-01,05,Furnishings & Household Maintenance,82.6,0.73
1994-12-01,06,Health,67.5,3.69
1994-12-01,07,Transport,70.6,2.32
1994-12-01,09,"Recreation, Sport & Culture",81.7,0.49
1994-12-01,overall,Overall CPI,67.7,3.52
1995-01-01,01,Food & Beverages,57.2,4.57
1995-01-01,02,Alcoholic Beverages & Tobacco,45.5,0.89
1995-01-01,03,Clothing & Footwear,122.3,-0.08
1995-01-01,04,"Housing, Water, Electricity, Gas & Other Fuels",76.4,3.38
1995-01-01,05,Furnishings & Household Maintenance,82.6,0.61
1995-01-01,06,Health,67.7,3.52
1995-01-01,07,Transport,70.7,2.02
1995-01-01,09,"Recreation, Sport & Culture",82.7,1.72
1995-01-01,overall,Overall CPI,68.0,3.5
1995-02-01,01,Food & Beverages,57.9,3.02
1995-02-01,02,Alcoholic Beverages & Tobacco,45.5,0.89
1995-02-01,03,Clothing & Footwear,122.4,0.16
1995-02-01,04,"Housing, Water, Electricity, Gas & Other Fuels",76.8,3.36
1995-02-01,05,Furnishings & Household Maintenance,82.6,0.49
1995-02-01,06,Health,67.8,3.35
1995-02-01,07,Transport,70.7,1.87
1995-02-01,09,"Recreation, Sport & Culture",82.9,1.97
1995-02-01,overall,Overall CPI,68.4,3.17
1995-03-01,01,Food & Beverages,57.6,3.6
1995-03-01,02,Alcoholic Beverages & Tobacco,45.6,1.11
1995-03-01,03,Clothing & Footwear,122.5,0.41
1995-03-01,04,"Housing, Water, Electricity, Gas & Other Fuels",76.8,3.36
1995-03-01,05,Furnishings & Household Maintenance,83.1,1.22
1995-03-01,06,Health,68.0,3.34
1995-03-01,07,Transport,70.7,1.73
1995-03-01,09,"Recreation, Sport & Culture",83.3,2.46
1995-03-01,overall,Overall CPI,68.3,3.33
1995-04-01,01,Food & Beverages,57.4,4.17
1995-04-01,02,Alcoholic Beverages & Tobacco,45.6,1.11
1995-04-01,03,Clothing & Footwear,122.4,-0.16
1995-04-01,04,"Housing, Water, Electricity, Gas & Other Fuels",77.0,3.49
1995-04-01,05,Furnishings & Household Maintenance,83.1,1.09
1995-04-01,06,Health,68.3,3.33
1995-04-01,07,Transport,70.8,1.87
1995-04-01,09,"Recreation, Sport & Culture",83.4,2.58
1995-04-01,overall,Overall CPI,68.3,3.33
1995-05-01,01,Food & Beverages,58.0,5.07
1995-05-01,02,Alcoholic Beverages & Tobacco,46.4,2.88
1995-05-01,03,Clothing & Footwear,122.0,-0.25
1995-05-01,04,"Housing, Water, Electricity, Gas & Other Fuels",77.3,3.34
1995-05-01,05,Furnishings & Household Maintenance,85.3,3.77
1995-05-01,06,Health,68.6,3.16
1995-05-01,07,Transport,70.9,1.58
1995-05-01,09,"Recreation, Sport & Culture",83.4,2.58
1995-05-01,overall,Overall CPI,68.8,3.93
1995-06-01,01,Food & Beverages,57.8,5.47
1995-06-01,02,Alcoholic Beverages & Tobacco,46.5,2.88
1995-06-01,03,Clothing & Footwear,122.0,0.33
1995-06-01,04,"Housing, Water, Electricity, Gas & Other Fuels",77.4,3.48
1995-06-01,05,Furnishings & Household Maintenance,85.3,3.77
1995-06-01,06,Health,68.6,3.0
1995-06-01,07,Transport,71.1,1.72
1995-06-01,09,"Recreation, Sport & Culture",83.5,2.58
1995-06-01,overall,Overall CPI,68.8,4.08
1995-07-01,01,Food & Beverages,58.0,5.65
1995-07-01,02,Alcoholic Beverages & Tobacco,46.6,3.1
1995-07-01,03,Clothing & Footwear,122.5,0.0
1995-07-01,04,"Housing, Water, Electricity, Gas & Other Fuels",77.4,3.75
1995-07-01,05,Furnishings & Household Maintenance,85.6,3.88
1995-07-01,06,Health,68.7,2.84
1995-07-01,07,Transport,71.4,2.15
1995-07-01,09,"Recreation, Sport & Culture",83.5,2.45
1995-07-01,overall,Overall CPI,68.9,3.45
1995-08-01,01,Food & Beverages,58.1,6.02
1995-08-01,02,Alcoholic Beverages & Tobacco,46.6,2.87
1995-08-01,03,Clothing & Footwear,121.8,0.08
1995-08-01,04,"Housing, Water, Electricity, Gas & Other Fuels",77.9,3.45
1995-08-01,05,Furnishings & Household Maintenance,85.6,3.76
1995-08-01,06,Health,68.8,2.84
1995-08-01,07,Transport,71.4,1.71
1995-08-01,09,"Recreation, Sport & Culture",84.0,2.69
1995-08-01,overall,Overall CPI,69.0,3.45
1995-09-01,01,Food & Beverages,58.4,5.42
1995-09-01,02,Alcoholic Beverages & Tobacco,46.7,3.32
1995-09-01,03,Clothing & Footwear,122.0,0.0
1995-09-01,04,"Housing, Water, Electricity, Gas & Other Fuels",77.9,3.45
1995-09-01,05,Furnishings & Household Maintenance,85.7,3.88
1995-09-01,06,Health,69.1,2.83
1995-09-01,07,Transport,71.4,1.56
1995-09-01,09,"Recreation, Sport & Culture",84.0,2.69
1995-09-01,overall,Overall CPI,69.3,3.43
1995-10-01,01,Food & Beverages,58.7,5.39
1995-10-01,02,Alcoholic Beverages & Tobacco,46.7,3.32
1995-10-01,03,Clothing & Footwear,120.9,-0.41
1995-10-01,04,"Housing, Water, Electricity, Gas & Other Fuels",77.9,3.04
1995-10-01,05,Furnishings & Household Maintenance,85.7,3.75
1995-10-01,06,Health,69.1,2.67
1995-10-01,07,Transport,71.8,2.13
1995-10-01,09,"Recreation, Sport & Culture",84.0,2.56
1995-10-01,overall,Overall CPI,69.4,3.43
1995-11-01,01,Food & Beverages,59.1,5.16
1995-11-01,02,Alcoholic Beverages & Tobacco,46.7,3.09
1995-11-01,03,Clothing & Footwear,121.5,-0.16
1995-11-01,04,"Housing, Water, Electricity, Gas & Other Fuels",78.5,3.02
1995-11-01,05,Furnishings & Household Maintenance,85.7,3.63
1995-11-01,06,Health,69.2,2.67
1995-11-01,07,Transport,71.8,1.7
1995-11-01,09,"Recreation, Sport & Culture",84.0,2.69
1995-11-01,overall,Overall CPI,69.7,3.26
1995-12-01,01,Food & Beverages,59.4,4.76
1995-12-01,02,Alcoholic Beverages & Tobacco,46.7,3.09
1995-12-01,03,Clothing & Footwear,121.6,-0.16
1995-12-01,04,"Housing, Water, Electricity, Gas & Other Fuels",78.5,3.02
1995-12-01,05,Furnishings & Household Maintenance,85.7,3.75
1995-12-01,06,Health,69.3,2.67
1995-12-01,07,Transport,71.9,1.84
1995-12-01,09,"Recreation, Sport & Culture",84.1,2.94
1995-12-01,overall,Overall CPI,69.9,3.25
1996-01-01,01,Food & Beverages,60.0,4.9
1996-01-01,02,Alcoholic Beverages & Tobacco,46.7,2.64
1996-01-01,03,Clothing & Footwear,121.9,-0.33
1996-01-01,04,"Housing, Water, Electricity, Gas & Other Fuels",78.5,2.75
1996-01-01,05,Furnishings & Household Maintenance,85.6,3.63
1996-01-01,06,Health,70.1,3.55
1996-01-01,07,Transport,72.1,1.98
1996-01-01,09,"Recreation, Sport & Culture",85.5,3.39
1996-01-01,overall,Overall CPI,70.3,3.38
1996-02-01,01,Food & Beverages,60.7,4.84
1996-02-01,02,Alcoholic Beverages & Tobacco,46.6,2.42
1996-02-01,03,Clothing & Footwear,120.7,-1.39
1996-02-01,04,"Housing, Water, Electricity, Gas & Other Fuels",79.4,3.39
1996-02-01,05,Furnishings & Household Maintenance,85.5,3.51
1996-02-01,06,Health,70.3,3.69
1996-02-01,07,Transport,72.1,1.98
1996-02-01,09,"Recreation, Sport & Culture",86.2,3.98
1996-02-01,overall,Overall CPI,70.8,3.51
1996-03-01,01,Food & Beverages,60.3,4.69
1996-03-01,02,Alcoholic Beverages & Tobacco,46.7,2.41
1996-03-01,03,Clothing & Footwear,121.8,-0.57
1996-03-01,04,"Housing, Water, Electricity, Gas & Other Fuels",79.0,2.86
1996-03-01,05,Furnishings & Household Maintenance,85.6,3.01
1996-03-01,06,Health,70.5,3.68
1996-03-01,07,Transport,72.1,1.98
1996-03-01,09,"Recreation, Sport & Culture",86.3,3.6
1996-03-01,overall,Overall CPI,70.5,3.22
1996-04-01,01,Food & Beverages,60.9,6.1
1996-04-01,02,Alcoholic Beverages & Tobacco,46.7,2.41
1996-04-01,03,Clothing & Footwear,121.5,-0.74
1996-04-01,04,"Housing, Water, Electricity, Gas & Other Fuels",79.0,2.6
1996-04-01,05,Furnishings & Household Maintenance,85.6,3.01
1996-04-01,06,Health,70.7,3.51
1996-04-01,07,Transport,72.1,1.84
1996-04-01,09,"Recreation, Sport & Culture",86.5,3.72
1996-04-01,overall,Overall CPI,70.9,3.81
1996-05-01,01,Food & Beverages,61.1,5.34
1996-05-01,02,Alcoholic Beverages & Tobacco,47.5,2.37
1996-05-01,03,Clothing & Footwear,121.6,-0.33
1996-05-01,04,"Housing, Water, Electricity, Gas & Other Fuels",80.0,3.49
1996-05-01,05,Furnishings & Household Maintenance,85.5,0.23
1996-05-01,06,Health,70.8,3.21
1996-05-01,07,Transport,72.5,2.26
1996-05-01,09,"Recreation, Sport & Culture",86.5,3.72
1996-05-01,overall,Overall CPI,71.2,3.49
1996-06-01,01,Food & Beverages,61.3,6.06
1996-06-01,02,Alcoholic Beverages & Tobacco,47.5,2.15
1996-06-01,03,Clothing & Footwear,121.5,-0.41
1996-06-01,04,"Housing, Water, Electricity, Gas & Other Fuels",80.0,3.36
1996-06-01,05,Furnishings & Household Maintenance,85.5,0.23
1996-06-01,06,Health,70.9,3.35
1996-06-01,07,Transport,72.6,2.11
1996-06-01,09,"Recreation, Sport & Culture",86.6,3.71
1996-06-01,overall,Overall CPI,71.3,3.63
1996-07-01,01,Food & Beverages,61.9,6.72
1996-07-01,02,Alcoholic Beverages & Tobacco,47.6,2.15
1996-07-01,03,Clothing & Footwear,121.6,-0.73
1996-07-01,04,"Housing, Water, Electricity, Gas & Other Fuels",80.0,3.36
1996-07-01,05,Furnishings & Household Maintenance,85.7,0.12
1996-07-01,06,Health,71.3,3.78
1996-07-01,07,Transport,71.9,0.7
1996-07-01,09,"Recreation, Sport & Culture",86.6,3.71
1996-07-01,overall,Overall CPI,71.5,3.77
1996-08-01,01,Food & Beverages,61.7,6.2
1996-08-01,02,Alcoholic Beverages & Tobacco,47.6,2.15
1996-08-01,03,Clothing & Footwear,121.0,-0.66
1996-08-01,04,"Housing, Water, Electricity, Gas & Other Fuels",80.6,3.47
1996-08-01,05,Furnishings & Household Maintenance,85.7,0.12
1996-08-01,06,Health,71.4,3.78
1996-08-01,07,Transport,71.9,0.7
1996-08-01,09,"Recreation, Sport & Culture",86.6,3.1
1996-08-01,overall,Overall CPI,71.5,3.62
1996-09-01,01,Food & Beverages,62.2,6.51
1996-09-01,02,Alcoholic Beverages & Tobacco,47.6,1.93
1996-09-01,03,Clothing & Footwear,121.0,-0.82
1996-09-01,04,"Housing, Water, Electricity, Gas & Other Fuels",80.6,3.47
1996-09-01,05,Furnishings & Household Maintenance,85.7,0.0
1996-09-01,06,Health,71.6,3.62
1996-09-01,07,Transport,72.0,0.84
1996-09-01,09,"Recreation, Sport & Culture",86.3,2.74
1996-09-01,overall,Overall CPI,71.8,3.61
1996-10-01,01,Food & Beverages,62.2,5.96
1996-10-01,02,Alcoholic Beverages & Tobacco,47.6,1.93
1996-10-01,03,Clothing & Footwear,119.5,-1.16
1996-10-01,04,"Housing, Water, Electricity, Gas & Other Fuels",80.7,3.59
1996-10-01,05,Furnishings & Household Maintenance,85.6,-0.12
1996-10-01,06,Health,71.8,3.91
1996-10-01,07,Transport,72.1,0.42
1996-10-01,09,"Recreation, Sport & Culture",86.3,2.74
1996-10-01,overall,Overall CPI,71.8,3.46
1996-11-01,01,Food & Beverages,62.8,6.26
1996-11-01,02,Alcoholic Beverages & Tobacco,47.6,1.93
1996-11-01,03,Clothing & Footwear,121.4,-0.08
1996-11-01,04,"Housing, Water, Electricity, Gas & Other Fuels",81.0,3.18
1996-11-01,05,Furnishings & Household Maintenance,85.6,-0.12
1996-11-01,06,Health,71.8,3.76
1996-11-01,07,Transport,72.3,0.7
1996-11-01,09,"Recreation, Sport & Culture",86.2,2.62
1996-11-01,overall,Overall CPI,72.0,3.3
1996-12-01,01,Food & Beverages,63.2,6.4
1996-12-01,02,Alcoholic Beverages & Tobacco,47.6,1.93
1996-12-01,03,Clothing & Footwear,120.4,-0.99
1996-12-01,04,"Housing, Water, Electricity, Gas & Other Fuels",80.7,2.8
1996-12-01,05,Furnishings & Household Maintenance,85.6,-0.12
1996-12-01,06,Health,72.0,3.9
1996-12-01,07,Transport,72.4,0.7
1996-12-01,09,"Recreation, Sport & Culture",86.2,2.5
1996-12-01,overall,Overall CPI,72.2,3.29
1997-01-01,01,Food & Beverages,63.5,5.83
1997-01-01,02,Alcoholic Beverages & Tobacco,47.5,1.71
1997-01-01,03,Clothing & Footwear,120.8,-0.9
1997-01-01,04,"Housing, Water, Electricity, Gas & Other Fuels",80.7,2.8
1997-01-01,05,Furnishings & Household Maintenance,85.6,0.0
1997-01-01,06,Health,72.7,3.71
1997-01-01,07,Transport,72.6,0.69
1997-01-01,09,"Recreation, Sport & Culture",86.4,1.05
1997-01-01,overall,Overall CPI,72.5,3.13
1997-02-01,01,Food & Beverages,64.2,5.77
1997-02-01,02,Alcoholic Beverages & Tobacco,47.5,1.93
1997-02-01,03,Clothing & Footwear,121.1,0.33
1997-02-01,04,"Housing, Water, Electricity, Gas & Other Fuels",81.4,2.52
1997-02-01,05,Furnishings & Household Maintenance,85.7,0.23
1997-02-01,06,Health,72.9,3.7
1997-02-01,07,Transport,72.6,0.69
1997-02-01,09,"Recreation, Sport & Culture",86.5,0.35
1997-02-01,overall,Overall CPI,72.9,2.97
1997-03-01,01,Food & Beverages,63.9,5.97
1997-03-01,02,Alcoholic Beverages & Tobacco,47.5,1.71
1997-03-01,03,Clothing & Footwear,120.8,-0.82
1997-03-01,04,"Housing, Water, Electricity, Gas & Other Fuels",81.4,3.04
1997-03-01,05,Furnishings & Household Maintenance,85.7,0.12
1997-03-01,06,Health,73.1,3.69
1997-03-01,07,Transport,72.6,0.69
1997-03-01,09,"Recreation, Sport & Culture",86.6,0.35
1997-03-01,overall,Overall CPI,72.8,3.26
1997-04-01,01,Food & Beverages,63.5,4.27
1997-04-01,02,Alcoholic Beverages & Tobacco,47.6,1.93
1997-04-01,03,Clothing & Footwear,120.6,-0.74
1997-04-01,04,"Housing, Water, Electricity, Gas & Other Fuels",81.4,3.04
1997-04-01,05,Furnishings & Household Maintenance,85.7,0.12
1997-04-01,06,Health,73.1,3.39
1997-04-01,07,Transport,72.6,0.69
1997-04-01,09,"Recreation, Sport & Culture",86.6,0.12
1997-04-01,overall,Overall CPI,72.7,2.54
1997-05-01,01,Food & Beverages,63.5,3.93
1997-05-01,02,Alcoholic Beverages & Tobacco,47.6,0.21
1997-05-01,03,Clothing & Footwear,120.3,-1.07
1997-05-01,04,"Housing, Water, Electricity, Gas & Other Fuels",82.6,3.25
1997-05-01,05,Furnishings & Household Maintenance,85.6,0.12
1997-05-01,06,Health,73.4,3.67
1997-05-01,07,Transport,72.6,0.14
1997-05-01,09,"Recreation, Sport & Culture",86.6,0.12
1997-05-01,overall,Overall CPI,73.0,2.53
1997-06-01,01,Food & Beverages,63.3,3.26
1997-06-01,02,Alcoholic Beverages & Tobacco,47.6,0.21
1997-06-01,03,Clothing & Footwear,120.8,-0.58
1997-06-01,04,"Housing, Water, Electricity, Gas & Other Fuels",82.7,3.37
1997-06-01,05,Furnishings & Household Maintenance,85.6,0.12
1997-06-01,06,Health,73.6,3.81
1997-06-01,07,Transport,72.6,0.0
1997-06-01,09,"Recreation, Sport & Culture",86.6,0.0
1997-06-01,overall,Overall CPI,72.9,2.24
1997-07-01,01,Food & Beverages,63.5,2.58
1997-07-01,02,Alcoholic Beverages & Tobacco,47.6,0.0
1997-07-01,03,Clothing & Footwear,120.9,-0.58
1997-07-01,04,"Housing, Water, Electricity, Gas & Other Fuels",82.7,3.37
1997-07-01,05,Furnishings & Household Maintenance,85.5,-0.23
1997-07-01,06,Health,73.8,3.51
1997-07-01,07,Transport,72.6,0.97
1997-07-01,09,"Recreation, Sport & Culture",86.7,0.12
1997-07-01,overall,Overall CPI,73.0,2.1
1997-08-01,01,Food & Beverages,63.6,3.08
1997-08-01,02,Alcoholic Beverages & Tobacco,48.3,1.47
1997-08-01,03,Clothing & Footwear,120.9,-0.08
1997-08-01,04,"Housing, Water, Electricity, Gas & Other Fuels",83.2,3.23
1997-08-01,05,Furnishings & Household Maintenance,85.4,-0.35
1997-08-01,06,Health,73.9,3.5
1997-08-01,07,Transport,72.6,0.97
1997-08-01,09,"Recreation, Sport & Culture",86.7,0.12
1997-08-01,overall,Overall CPI,73.2,2.38
1997-09-01,01,Food & Beverages,64.1,3.05
1997-09-01,02,Alcoholic Beverages & Tobacco,48.3,1.47
1997-09-01,03,Clothing & Footwear,120.3,-0.58
1997-09-01,04,"Housing, Water, Electricity, Gas & Other Fuels",83.2,3.23
1997-09-01,05,Furnishings & Household Maintenance,85.4,-0.35
1997-09-01,06,Health,74.0,3.35
1997-09-01,07,Transport,72.6,0.83
1997-09-01,09,"Recreation, Sport & Culture",86.8,0.58
1997-09-01,overall,Overall CPI,73.4,2.23
1997-10-01,01,Food & Beverages,64.6,3.86
1997-10-01,02,Alcoholic Beverages & Tobacco,48.3,1.47
1997-10-01,03,Clothing & Footwear,119.0,-0.42
1997-10-01,04,"Housing, Water, Electricity, Gas & Other Fuels",83.3,3.22
1997-10-01,05,Furnishings & Household Maintenance,85.9,0.35
1997-10-01,06,Health,74.2,3.34
1997-10-01,07,Transport,72.6,0.69
1997-10-01,09,"Recreation, Sport & Culture",86.8,0.58
1997-10-01,overall,Overall CPI,73.7,2.65
1997-11-01,01,Food & Beverages,64.7,3.03
1997-11-01,02,Alcoholic Beverages & Tobacco,48.3,1.47
1997-11-01,03,Clothing & Footwear,120.8,-0.49
1997-11-01,04,"Housing, Water, Electricity, Gas & Other Fuels",84.0,3.7
1997-11-01,05,Furnishings & Household Maintenance,86.1,0.58
1997-11-01,06,Health,74.6,3.9
1997-11-01,07,Transport,72.8,0.69
1997-11-01,09,"Recreation, Sport & Culture",86.9,0.81
1997-11-01,overall,Overall CPI,73.9,2.64
1997-12-01,01,Food & Beverages,65.5,3.64
1997-12-01,02,Alcoholic Beverages & Tobacco,48.4,1.68
1997-12-01,03,Clothing & Footwear,119.9,-0.42
1997-12-01,04,"Housing, Water, Electricity, Gas & Other Fuels",84.1,4.21
1997-12-01,05,Furnishings & Household Maintenance,86.4,0.93
1997-12-01,06,Health,75.1,4.31
1997-12-01,07,Transport,72.4,0.0
1997-12-01,09,"Recreation, Sport & Culture",87.2,1.16
1997-12-01,overall,Overall CPI,74.3,2.91
1998-01-01,01,Food & Beverages,66.7,5.04
1998-01-01,02,Alcoholic Beverages & Tobacco,48.4,1.89
1998-01-01,03,Clothing & Footwear,120.6,-0.17
1998-01-01,04,"Housing, Water, Electricity, Gas & Other Fuels",84.1,4.21
1998-01-01,05,Furnishings & Household Maintenance,86.7,1.29
1998-01-01,06,Health,75.8,4.26
1998-01-01,07,Transport,72.7,0.14
1998-01-01,09,"Recreation, Sport & Culture",87.8,1.62
1998-01-01,overall,Overall CPI,75.0,3.45
1998-02-01,01,Food & Beverages,68.5,6.7
1998-02-01,02,Alcoholic Beverages & Tobacco,48.6,2.32
1998-02-01,03,Clothing & Footwear,121.8,0.58
1998-02-01,04,"Housing, Water, Electricity, Gas & Other Fuels",85.3,4.79
1998-02-01,05,Furnishings & Household Maintenance,87.4,1.98
1998-02-01,06,Health,76.6,5.08
1998-02-01,07,Transport,72.7,0.14
1998-02-01,09,"Recreation, Sport & Culture",88.2,1.97
1998-02-01,overall,Overall CPI,76.1,4.39
1998-03-01,01,Food & Beverages,69.2,8.29
1998-03-01,02,Alcoholic Beverages & Tobacco,48.7,2.53
1998-03-01,03,Clothing & Footwear,121.7,0.75
1998-03-01,04,"Housing, Water, Electricity, Gas & Other Fuels",85.3,4.79
1998-03-01,05,Furnishings & Household Maintenance,88.3,3.03
1998-03-01,06,Health,77.3,5.75
1998-03-01,07,Transport,72.7,0.14
1998-03-01,09,"Recreation, Sport & Culture",88.5,2.19
1998-03-01,overall,Overall CPI,76.6,5.22
1998-04-01,01,Food & Beverages,69.5,9.45
1998-04-01,02,Alcoholic Beverages & Tobacco,48.8,2.52
1998-04-01,03,Clothing & Footwear,122.2,1.33
1998-04-01,04,"Housing, Water, Electricity, Gas & Other Fuels",85.3,4.79
1998-04-01,05,Furnishings & Household Maintenance,88.7,3.5
1998-04-01,06,Health,77.7,6.29
1998-04-01,07,Transport,72.6,0.0
1998-04-01,09,"Recreation, Sport & Culture",88.6,2.31
1998-04-01,overall,Overall CPI,76.7,5.5
1998-05-01,01,Food & Beverages,69.7,9.76
1998-05-01,02,Alcoholic Beverages & Tobacco,48.9,2.73
1998-05-01,03,Clothing & Footwear,121.1,0.67
1998-05-01,04,"Housing, Water, Electricity, Gas & Other Fuels",86.3,4.48
1998-05-01,05,Furnishings & Household Maintenance,89.1,4.09
1998-05-01,06,Health,77.9,6.13
1998-05-01,07,Transport,72.6,0.0
1998-05-01,09,"Recreation, Sport & Culture",88.7,2.42
1998-05-01,overall,Overall CPI,76.9,5.34
1998-06-01,01,Food & Beverages,70.7,11.69
1998-06-01,02,Alcoholic Beverages & Tobacco,49.1,3.15
1998-06-01,03,Clothing & Footwear,122.2,1.16
1998-06-01,04,"Housing, Water, Electricity, Gas & Other Fuels",86.3,4.35
1998-06-01,05,Furnishings & Household Maintenance,89.2,4.21
1998-06-01,06,Health,78.6,6.79
1998-06-01,07,Transport,72.5,-0.14
1998-06-01,09,"Recreation, Sport & Culture",89.6,3.46
1998-06-01,overall,Overall CPI,77.5,6.31
1998-07-01,01,Food & Beverages,70.1,10.39
1998-07-01,02,Alcoholic Beverages & Tobacco,49.2,3.36
1998-07-01,03,Clothing & Footwear,121.7,0.66
1998-07-01,04,"Housing, Water, Electricity, Gas & Other Fuels",86.3,4.35
1998-07-01,05,Furnishings & Household Maintenance,89.5,4.68
1998-07-01,06,Health,78.7,6.64
1998-07-01,07,Transport,72.4,-0.28
1998-07-01,09,"Recreation, Sport & Culture",90.0,3.81
1998-07-01,overall,Overall CPI,77.3,5.89
1998-08-01,01,Food & Beverages,69.9,9.91
1998-08-01,02,Alcoholic Beverages & Tobacco,49.2,1.86
1998-08-01,03,Clothing & Footwear,121.9,0.83
1998-08-01,04,"Housing, Water, Electricity, Gas & Other Fuels",86.8,4.33
1998-08-01,05,Furnishings & Household Maintenance,89.7,5.04
1998-08-01,06,Health,78.8,6.63
1998-08-01,07,Transport,72.4,-0.28
1998-08-01,09,"Recreation, Sport & Culture",90.2,4.04
1998-08-01,overall,Overall CPI,77.4,5.74
1998-09-01,01,Food & Beverages,70.0,9.2
1998-09-01,02,Alcoholic Beverages & Tobacco,50.8,5.18
1998-09-01,03,Clothing & Footwear,120.6,0.25
1998-09-01,04,"Housing, Water, Electricity, Gas & Other Fuels",86.8,4.33
1998-09-01,05,Furnishings & Household Maintenance,89.8,5.15
1998-09-01,06,Health,79.1,6.89
1998-09-01,07,Transport,72.4,-0.28
1998-09-01,09,"Recreation, Sport & Culture",90.2,3.92
1998-09-01,overall,Overall CPI,77.5,5.59
1998-10-01,01,Food & Beverages,70.1,8.51
1998-10-01,02,Alcoholic Beverages & Tobacco,51.0,5.59
1998-10-01,03,Clothing & Footwear,119.9,0.76
1998-10-01,04,"Housing, Water, Electricity, Gas & Other Fuels",86.8,4.2
1998-10-01,05,Furnishings & Household Maintenance,89.9,4.66
1998-10-01,06,Health,79.4,7.01
1998-10-01,07,Transport,72.4,-0.28
1998-10-01,09,"Recreation, Sport & Culture",90.3,4.03
1998-10-01,overall,Overall CPI,77.5,5.16
1998-11-01,01,Food & Beverages,71.0,9.74
1998-11-01,02,Alcoholic Beverages & Tobacco,53.5,10.77
1998-11-01,03,Clothing & Footwear,120.2,-0.5
1998-11-01,04,"Housing, Water, Electricity, Gas & Other Fuels",87.0,3.57
1998-11-01,05,Furnishings & Household Maintenance,90.0,4.53
1998-11-01,06,Health,79.6,6.7
1998-11-01,07,Transport,72.4,-0.55
1998-11-01,09,"Recreation, Sport & Culture",90.7,4.37
1998-11-01,overall,Overall CPI,78.1,5.68
1998-12-01,01,Food & Beverages,71.2,8.7
1998-12-01,02,Alcoholic Beverages & Tobacco,53.5,10.54
1998-12-01,03,Clothing & Footwear,119.8,-0.08
1998-12-01,04,"Housing, Water, Electricity, Gas & Other Fuels",87.0,3.45
1998-12-01,05,Furnishings & Household Maintenance,90.0,4.17
1998-12-01,06,Health,79.7,6.13
1998-12-01,07,Transport,72.4,0.0
1998-12-01,09,"Recreation, Sport & Culture",90.7,4.01
1998-12-01,overall,Overall CPI,78.2,5.25
1999-01-01,01,Food & Beverages,72.7,9.0
1999-01-01,02,Alcoholic Beverages & Tobacco,53.5,10.54
1999-01-01,03,Clothing & Footwear,119.0,-1.33
1999-01-01,04,"Housing, Water, Electricity, Gas & Other Fuels",87.0,3.45
1999-01-01,05,Furnishings & Household Maintenance,90.1,3.92
1999-01-01,06,Health,79.8,5.28
1999-01-01,07,Transport,72.4,-0.41
1999-01-01,09,"Recreation, Sport & Culture",91.9,4.67
1999-01-01,overall,Overall CPI,78.9,5.2
1999-02-01,01,Food & Beverages,72.9,6.42
1999-02-01,02,Alcoholic Beverages & Tobacco,53.5,10.08
1999-02-01,03,Clothing & Footwear,118.7,-2.55
1999-02-01,04,"Housing, Water, Electricity, Gas & Other Fuels",87.3,2.34
1999-02-01,05,Furnishings & Household Maintenance,90.2,3.2
1999-02-01,06,Health,80.0,4.44
1999-02-01,07,Transport,72.7,0.0
1999-02-01,09,"Recreation, Sport & Culture",91.9,4.2
1999-02-01,overall,Overall CPI,79.0,3.81
1999-03-01,01,Food & Beverages,72.3,4.48
1999-03-01,02,Alcoholic Beverages & Tobacco,53.6,10.06
1999-03-01,03,Clothing & Footwear,120.1,-1.31
1999-03-01,04,"Housing, Water, Electricity, Gas & Other Fuels",87.3,2.34
1999-03-01,05,Furnishings & Household Maintenance,90.2,2.15
1999-03-01,06,Health,80.2,3.75
1999-03-01,07,Transport,72.8,0.14
1999-03-01,09,"Recreation, Sport & Culture",91.8,3.73
1999-03-01,overall,Overall CPI,78.9,3.0
1999-04-01,01,Food & Beverages,72.7,4.6
1999-04-01,02,Alcoholic Beverages & Tobacco,53.6,9.84
1999-04-01,03,Clothing & Footwear,119.2,-2.45
1999-04-01,04,"Housing, Water, Electricity, Gas & Other Fuels",87.3,2.34
1999-04-01,05,Furnishings & Household Maintenance,90.2,1.69
1999-04-01,06,Health,80.3,3.35
1999-04-01,07,Transport,72.2,-0.55
1999-04-01,09,"Recreation, Sport & Culture",91.9,3.72
1999-04-01,overall,Overall CPI,78.9,2.87
1999-05-01,01,Food & Beverages,73.1,4.88
1999-05-01,02,Alcoholic Beverages & Tobacco,53.6,9.61
1999-05-01,03,Clothing & Footwear,119.0,-1.73
1999-05-01,04,"Housing, Water, Electricity, Gas & Other Fuels",87.4,1.27
1999-05-01,05,Furnishings & Household Maintenance,90.2,1.23
1999-05-01,06,Health,80.5,3.34
1999-05-01,07,Transport,73.0,0.55
1999-05-01,09,"Recreation, Sport & Culture",91.8,3.49
1999-05-01,overall,Overall CPI,79.2,2.99
1999-06-01,01,Food & Beverages,73.0,3.25
1999-06-01,02,Alcoholic Beverages & Tobacco,53.6,9.16
1999-06-01,03,Clothing & Footwear,119.0,-2.62
1999-06-01,04,"Housing, Water, Electricity, Gas & Other Fuels",87.4,1.27
1999-06-01,05,Furnishings & Household Maintenance,90.4,1.35
1999-06-01,06,Health,80.6,2.54
1999-06-01,07,Transport,73.0,0.69
1999-06-01,09,"Recreation, Sport & Culture",91.7,2.34
1999-06-01,overall,Overall CPI,79.1,2.06
1999-07-01,01,Food & Beverages,73.1,4.28
1999-07-01,02,Alcoholic Beverages & Tobacco,53.6,8.94
1999-07-01,03,Clothing & Footwear,118.6,-2.55
1999-07-01,04,"Housing, Water, Electricity, Gas & Other Fuels",87.5,1.39
1999-07-01,05,Furnishings & Household Maintenance,90.2,0.78
1999-07-01,06,Health,80.7,2.54
1999-07-01,07,Transport,73.1,0.97
1999-07-01,09,"Recreation, Sport & Culture",91.7,1.89
1999-07-01,overall,Overall CPI,79.2,2.46
1999-08-01,01,Food & Beverages,72.7,4.01
1999-08-01,02,Alcoholic Beverages & Tobacco,53.7,9.15
1999-08-01,03,Clothing & Footwear,118.7,-2.63
1999-08-01,04,"Housing, Water, Electricity, Gas & Other Fuels",87.7,1.04
1999-08-01,05,Furnishings & Household Maintenance,90.2,0.56
1999-08-01,06,Health,80.8,2.54
1999-08-01,07,Transport,73.0,0.83
1999-08-01,09,"Recreation, Sport & Culture",91.7,1.66
1999-08-01,overall,Overall CPI,79.1,2.2
1999-09-01,01,Food & Beverages,72.7,3.86
1999-09-01,02,Alcoholic Beverages & Tobacco,54.5,7.28
1999-09-01,03,Clothing & Footwear,118.4,-1.82
1999-09-01,04,"Housing, Water, Electricity, Gas & Other Fuels",87.7,1.04
1999-09-01,05,Furnishings & Household Maintenance,90.2,0.45
1999-09-01,06,Health,81.0,2.4
1999-09-01,07,Transport,73.1,0.97
1999-09-01,09,"Recreation, Sport & Culture",91.7,1.66
1999-09-01,overall,Overall CPI,79.1,2.06
1999-10-01,01,Food & Beverages,72.6,3.57
1999-10-01,02,Alcoholic Beverages & Tobacco,54.6,7.06
1999-10-01,03,Clothing & Footwear,117.8,-1.75
1999-10-01,04,"Housing, Water, Electricity, Gas & Other Fuels",87.7,1.04
1999-10-01,05,Furnishings & Household Maintenance,90.1,0.22
1999-10-01,06,Health,81.1,2.14
1999-10-01,07,Transport,73.1,0.97
1999-10-01,09,"Recreation, Sport & Culture",91.7,1.55
1999-10-01,overall,Overall CPI,79.1,2.06
1999-11-01,01,Food & Beverages,73.1,2.96
1999-11-01,02,Alcoholic Beverages & Tobacco,54.6,2.06
1999-11-01,03,Clothing & Footwear,117.8,-2.0
1999-11-01,04,"Housing, Water, Electricity, Gas & Other Fuels",87.8,0.92
1999-11-01,05,Furnishings & Household Maintenance,90.2,0.22
1999-11-01,06,Health,81.3,2.14
1999-11-01,07,Transport,73.1,0.97
1999-11-01,09,"Recreation, Sport & Culture",91.7,1.1
1999-11-01,overall,Overall CPI,79.3,1.54
1999-12-01,01,Food & Beverages,74.8,5.06
1999-12-01,02,Alcoholic Beverages & Tobacco,54.7,2.24
1999-12-01,03,Clothing & Footwear,117.2,-2.17
1999-12-01,04,"Housing, Water, Electricity, Gas & Other Fuels",87.9,1.03
1999-12-01,05,Furnishings & Household Maintenance,90.1,0.11
1999-12-01,06,Health,81.4,2.13
1999-12-01,07,Transport,73.1,0.97
1999-12-01,09,"Recreation, Sport & Culture",91.6,0.99
1999-12-01,overall,Overall CPI,80.2,2.56
2000-01-01,01,Food & Beverages,74.9,3.03
2000-01-01,02,Alcoholic Beverages & Tobacco,54.9,2.62
2000-01-01,03,Clothing & Footwear,117.4,-1.34
2000-01-01,04,"Housing, Water, Electricity, Gas & Other Fuels",87.9,1.03
2000-01-01,05,Furnishings & Household Maintenance,90.3,0.22
2000-01-01,06,Health,81.7,2.38
2000-01-01,07,Transport,73.6,1.66
2000-01-01,09,"Recreation, Sport & Culture",92.0,0.11
2000-01-01,overall,Overall CPI,80.2,1.65
2000-02-01,01,Food & Beverages,74.7,2.47
2000-02-01,02,Alcoholic Beverages & Tobacco,54.9,2.62
2000-02-01,03,Clothing & Footwear,118.0,-0.59
2000-02-01,04,"Housing, Water, Electricity, Gas & Other Fuels",88.4,1.26
2000-02-01,05,Furnishings & Household Maintenance,90.3,0.11
2000-02-01,06,Health,81.7,2.12
2000-02-01,07,Transport,73.6,1.24
2000-02-01,09,"Recreation, Sport & Culture",92.1,0.22
2000-02-01,overall,Overall CPI,80.3,1.65
2000-03-01,01,Food & Beverages,74.4,2.9
2000-03-01,02,Alcoholic Beverages & Tobacco,55.0,2.61
2000-03-01,03,Clothing & Footwear,117.1,-2.5
2000-03-01,04,"Housing, Water, Electricity, Gas & Other Fuels",88.4,1.26
2000-03-01,05,Furnishings & Household Maintenance,90.3,0.11
2000-03-01,06,Health,81.7,1.87
2000-03-01,07,Transport,73.6,1.1
2000-03-01,09,"Recreation, Sport & Culture",92.3,0.54
2000-03-01,overall,Overall CPI,80.2,1.65
2000-04-01,01,Food & Beverages,74.3,2.2
2000-04-01,02,Alcoholic Beverages & Tobacco,55.0,2.61
2000-04-01,03,Clothing & Footwear,117.4,-1.51
2000-04-01,04,"Housing, Water, Electricity, Gas & Other Fuels",88.4,1.26
2000-04-01,05,Furnishings & Household Maintenance,90.3,0.11
2000-04-01,06,Health,81.9,1.99
2000-04-01,07,Transport,73.7,2.08
2000-04-01,09,"Recreation, Sport & Culture",92.4,0.54
2000-04-01,overall,Overall CPI,80.2,1.65
2000-05-01,01,Food & Beverages,74.4,1.78
2000-05-01,02,Alcoholic Beverages & Tobacco,55.1,2.8
2000-05-01,03,Clothing & Footwear,117.1,-1.6
2000-05-01,04,"Housing, Water, Electricity, Gas & Other Fuels",88.7,1.49
2000-05-01,05,Furnishings & Household Maintenance,90.3,0.11
2000-05-01,06,Health,82.1,1.99
2000-05-01,07,Transport,73.8,1.1
2000-05-01,09,"Recreation, Sport & Culture",92.2,0.44
2000-05-01,overall,Overall CPI,80.3,1.39
2000-06-01,01,Food & Beverages,74.4,1.92
2000-06-01,02,Alcoholic Beverages & Tobacco,55.1,2.8
2000-06-01,03,Clothing & Footwear,116.9,-1.76
2000-06-01,04,"Housing, Water, Electricity, Gas & Other Fuels",88.7,1.49
2000-06-01,05,Furnishings & Household Maintenance,90.3,-0.11
2000-06-01,06,Health,82.2,1.99
2000-06-01,07,Transport,73.8,1.1
2000-06-01,09,"Recreation, Sport & Culture",92.2,0.55
2000-06-01,overall,Overall CPI,80.3,1.52
2000-07-01,01,Food & Beverages,74.4,1.78
2000-07-01,02,Alcoholic Beverages & Tobacco,55.1,2.8
2000-07-01,03,Clothing & Footwear,117.0,-1.35
2000-07-01,04,"Housing, Water, Electricity, Gas & Other Fuels",88.8,1.49
2000-07-01,05,Furnishings & Household Maintenance,90.3,0.11
2000-07-01,06,Health,82.4,2.11
2000-07-01,07,Transport,74.0,1.23
2000-07-01,09,"Recreation, Sport & Culture",92.3,0.65
2000-07-01,overall,Overall CPI,80.4,1.52
2000-08-01,01,Food & Beverages,74.1,1.93
2000-08-01,02,Alcoholic Beverages & Tobacco,55.2,2.79
2000-08-01,03,Clothing & Footwear,115.5,-2.7
2000-08-01,04,"Housing, Water, Electricity, Gas & Other Fuels",89.0,1.48
2000-08-01,05,Furnishings & Household Maintenance,90.1,-0.11
2000-08-01,06,Health,82.6,2.23
2000-08-01,07,Transport,74.3,1.78
2000-08-01,09,"Recreation, Sport & Culture",92.2,0.55
2000-08-01,overall,Overall CPI,80.4,1.64
2000-09-01,01,Food & Beverages,74.0,1.79
2000-09-01,02,Alcoholic Beverages & Tobacco,55.2,1.28
2000-09-01,03,Clothing & Footwear,116.7,-1.44
2000-09-01,04,"Housing, Water, Electricity, Gas & Other Fuels",89.0,1.48
2000-09-01,05,Furnishings & Household Maintenance,90.1,-0.11
2000-09-01,06,Health,82.6,1.98
2000-09-01,07,Transport,74.3,1.64
2000-09-01,09,"Recreation, Sport & Culture",92.4,0.76
2000-09-01,overall,Overall CPI,80.4,1.64
2000-10-01,01,Food & Beverages,74.0,1.93
2000-10-01,02,Alcoholic Beverages & Tobacco,55.3,1.28
2000-10-01,03,Clothing & Footwear,115.6,-1.87
2000-10-01,04,"Housing, Water, Electricity, Gas & Other Fuels",89.2,1.71
2000-10-01,05,Furnishings & Household Maintenance,90.1,0.0
2000-10-01,06,Health,82.7,1.97
2000-10-01,07,Transport,76.0,3.97
2000-10-01,09,"Recreation, Sport & Culture",92.4,0.76
2000-10-01,overall,Overall CPI,80.6,1.9
2000-11-01,01,Food & Beverages,74.0,1.23
2000-11-01,02,Alcoholic Beverages & Tobacco,57.4,5.13
2000-11-01,03,Clothing & Footwear,115.5,-1.95
2000-11-01,04,"Housing, Water, Electricity, Gas & Other Fuels",89.4,1.82
2000-11-01,05,Furnishings & Household Maintenance,90.0,-0.22
2000-11-01,06,Health,82.8,1.85
2000-11-01,07,Transport,76.0,3.97
2000-11-01,09,"Recreation, Sport & Culture",92.4,0.76
2000-11-01,overall,Overall CPI,80.8,1.89
2000-12-01,01,Food & Beverages,74.9,0.13
2000-12-01,02,Alcoholic Beverages & Tobacco,57.4,4.94
2000-12-01,03,Clothing & Footwear,114.4,-2.39
2000-12-01,04,"Housing, Water, Electricity, Gas & Other Fuels",89.4,1.71
2000-12-01,05,Furnishings & Household Maintenance,90.0,-0.11
2000-12-01,06,Health,82.9,1.84
2000-12-01,07,Transport,76.0,3.97
2000-12-01,09,"Recreation, Sport & Culture",92.4,0.87
2000-12-01,overall,Overall CPI,81.1,1.12
2001-01-01,01,Food & Beverages,75.3,0.53
2001-01-01,02,Alcoholic Beverages & Tobacco,57.4,4.55
2001-01-01,03,Clothing & Footwear,114.5,-2.47
2001-01-01,04,"Housing, Water, Electricity, Gas & Other Fuels",89.4,1.71
2001-01-01,05,Furnishings & Household Maintenance,90.1,-0.22
2001-01-01,06,Health,83.6,2.33
2001-01-01,07,Transport,76.4,3.8
2001-01-01,09,"Recreation, Sport & Culture",92.6,0.65
2001-01-01,overall,Overall CPI,81.4,1.5
2001-02-01,01,Food & Beverages,75.2,0.67
2001-02-01,02,Alcoholic Beverages & Tobacco,57.6,4.92
2001-02-01,03,Clothing & Footwear,115.4,-2.2
2001-02-01,04,"Housing, Water, Electricity, Gas & Other Fuels",89.7,1.47
2001-02-01,05,Furnishings & Household Maintenance,90.4,0.11
2001-02-01,06,Health,83.7,2.45
2001-02-01,07,Transport,76.6,4.08
2001-02-01,09,"Recreation, Sport & Culture",92.5,0.43
2001-02-01,overall,Overall CPI,81.5,1.49
2001-03-01,01,Food & Beverages,74.9,0.67
2001-03-01,02,Alcoholic Beverages & Tobacco,57.6,4.73
2001-03-01,03,Clothing & Footwear,113.6,-2.99
2001-03-01,04,"Housing, Water, Electricity, Gas & Other Fuels",89.7,1.47
2001-03-01,05,Furnishings & Household Maintenance,90.3,0.0
2001-03-01,06,Health,84.0,2.82
2001-03-01,07,Transport,76.7,4.21
2001-03-01,09,"Recreation, Sport & Culture",92.5,0.22
2001-03-01,overall,Overall CPI,81.4,1.5
2001-04-01,01,Food & Beverages,74.8,0.67
2001-04-01,02,Alcoholic Beverages & Tobacco,57.6,4.73
2001-04-01,03,Clothing & Footwear,114.8,-2.21
2001-04-01,04,"Housing, Water, Electricity, Gas & Other Fuels",89.8,1.58
2001-04-01,05,Furnishings & Household Maintenance,90.4,0.11
2001-04-01,06,Health,84.3,2.93
2001-04-01,07,Transport,76.8,4.21
2001-04-01,09,"Recreation, Sport & Culture",92.4,0.0
2001-04-01,overall,Overall CPI,81.5,1.62
2001-05-01,01,Food & Beverages,75.0,0.81
2001-05-01,02,Alcoholic Beverages & Tobacco,57.6,4.54
2001-05-01,03,Clothing & Footwear,114.4,-2.31
2001-05-01,04,"Housing, Water, Electricity, Gas & Other Fuels",90.1,1.58
2001-05-01,05,Furnishings & Household Maintenance,90.4,0.11
2001-05-01,06,Health,84.4,2.8
2001-05-01,07,Transport,76.8,4.07
2001-05-01,09,"Recreation, Sport & Culture",92.4,0.22
2001-05-01,overall,Overall CPI,81.5,1.49
2001-06-01,01,Food & Beverages,74.8,0.54
2001-06-01,02,Alcoholic Beverages & Tobacco,57.7,4.72
2001-06-01,03,Clothing & Footwear,114.0,-2.48
2001-06-01,04,"Housing, Water, Electricity, Gas & Other Fuels",90.1,1.58
2001-06-01,05,Furnishings & Household Maintenance,90.4,0.11
2001-06-01,06,Health,84.6,2.92
2001-06-01,07,Transport,76.8,4.07
2001-06-01,09,"Recreation, Sport & Culture",92.3,0.11
2001-06-01,overall,Overall CPI,81.5,1.49
2001-07-01,01,Food & Beverages,74.7,0.4
2001-07-01,02,Alcoholic Beverages & Tobacco,57.7,4.72
2001-07-01,03,Clothing & Footwear,114.2,-2.39
2001-07-01,04,"Housing, Water, Electricity, Gas & Other Fuels",90.1,1.46
2001-07-01,05,Furnishings & Household Maintenance,90.5,0.22
2001-07-01,06,Health,84.8,2.91
2001-07-01,07,Transport,76.8,3.78
2001-07-01,09,"Recreation, Sport & Culture",92.2,-0.11
2001-07-01,overall,Overall CPI,81.5,1.37
2001-08-01,01,Food & Beverages,74.4,0.4
2001-08-01,02,Alcoholic Beverages & Tobacco,57.7,4.53
2001-08-01,03,Clothing & Footwear,112.6,-2.51
2001-08-01,04,"Housing, Water, Electricity, Gas & Other Fuels",90.2,1.35
2001-08-01,05,Furnishings & Household Maintenance,90.3,0.22
2001-08-01,06,Health,85.1,3.03
2001-08-01,07,Transport,77.0,3.63
2001-08-01,09,"Recreation, Sport & Culture",91.9,-0.33
2001-08-01,overall,Overall CPI,81.4,1.24
2001-09-01,01,Food & Beverages,74.8,1.08
2001-09-01,02,Alcoholic Beverages & Tobacco,57.7,4.53
2001-09-01,03,Clothing & Footwear,112.6,-3.51
2001-09-01,04,"Housing, Water, Electricity, Gas & Other Fuels",90.2,1.35
2001-09-01,05,Furnishings & Household Maintenance,90.4,0.33
2001-09-01,06,Health,85.2,3.15
2001-09-01,07,Transport,77.0,3.63
2001-09-01,09,"Recreation, Sport & Culture",91.9,-0.54
2001-09-01,overall,Overall CPI,81.5,1.37
2001-10-01,01,Food & Beverages,74.4,0.54
2001-10-01,02,Alcoholic Beverages & Tobacco,57.7,4.34
2001-10-01,03,Clothing & Footwear,112.8,-2.42
2001-10-01,04,"Housing, Water, Electricity, Gas & Other Fuels",90.2,1.12
2001-10-01,05,Furnishings & Household Maintenance,90.4,0.33
2001-10-01,06,Health,85.3,3.14
2001-10-01,07,Transport,77.0,1.32
2001-10-01,09,"Recreation, Sport & Culture",91.8,-0.65
2001-10-01,overall,Overall CPI,81.4,0.99
2001-11-01,01,Food & Beverages,74.9,1.22
2001-11-01,02,Alcoholic Beverages & Tobacco,60.5,5.4
2001-11-01,03,Clothing & Footwear,112.4,-2.68
2001-11-01,04,"Housing, Water, Electricity, Gas & Other Fuels",90.3,1.01
2001-11-01,05,Furnishings & Household Maintenance,90.3,0.33
2001-11-01,06,Health,85.4,3.14
2001-11-01,07,Transport,78.7,3.55
2001-11-01,09,"Recreation, Sport & Culture",91.8,-0.65
2001-11-01,overall,Overall CPI,82.0,1.49
2001-12-01,01,Food & Beverages,75.2,0.4
2001-12-01,02,Alcoholic Beverages & Tobacco,60.5,5.4
2001-12-01,03,Clothing & Footwear,111.2,-2.8
2001-12-01,04,"Housing, Water, Electricity, Gas & Other Fuels",90.3,1.01
2001-12-01,05,Furnishings & Household Maintenance,90.1,0.11
2001-12-01,06,Health,85.5,3.14
2001-12-01,07,Transport,78.6,3.42
2001-12-01,09,"Recreation, Sport & Culture",91.8,-0.65
2001-12-01,overall,Overall CPI,82.1,1.23
2002-01-01,01,Food & Beverages,75.6,0.4
2002-01-01,02,Alcoholic Beverages & Tobacco,60.5,5.4
2002-01-01,03,Clothing & Footwear,112.2,-2.01
2002-01-01,04,"Housing, Water, Electricity, Gas & Other Fuels",90.3,1.01
2002-01-01,05,Furnishings & Household Maintenance,90.1,0.0
2002-01-01,06,Health,85.6,2.39
2002-01-01,07,Transport,78.8,3.14
2002-01-01,09,"Recreation, Sport & Culture",92.2,-0.43
2002-01-01,overall,Overall CPI,82.3,1.11
2002-02-01,01,Food & Beverages,75.9,0.93
2002-02-01,02,Alcoholic Beverages & Tobacco,60.5,5.03
2002-02-01,03,Clothing & Footwear,112.4,-2.6
2002-02-01,04,"Housing, Water, Electricity, Gas & Other Fuels",90.5,0.89
2002-02-01,05,Furnishings & Household Maintenance,90.1,-0.33
2002-02-01,06,Health,85.9,2.63
2002-02-01,07,Transport,78.8,2.87
2002-02-01,09,"Recreation, Sport & Culture",92.5,0.0
2002-02-01,overall,Overall CPI,82.5,1.23
2002-03-01,01,Food & Beverages,75.3,0.53
2002-03-01,02,Alcoholic Beverages & Tobacco,60.5,5.03
2002-03-01,03,Clothing & Footwear,111.3,-2.02
2002-03-01,04,"Housing, Water, Electricity, Gas & Other Fuels",90.5,0.89
2002-03-01,05,Furnishings & Household Maintenance,90.0,-0.33
2002-03-01,06,Health,86.1,2.5
2002-03-01,07,Transport,82.6,7.69
2002-03-01,09,"Recreation, Sport & Culture",92.4,-0.11
2002-03-01,overall,Overall CPI,83.1,2.09
2002-04-01,01,Food & Beverages,75.1,0.4
2002-04-01,02,Alcoholic Beverages & Tobacco,60.5,5.03
2002-04-01,03,Clothing & Footwear,111.8,-2.61
2002-04-01,04,"Housing, Water, Electricity, Gas & Other Fuels",90.5,0.78
2002-04-01,05,Furnishings & Household Maintenance,90.0,-0.44
2002-04-01,06,Health,86.3,2.37
2002-04-01,07,Transport,82.6,7.55
2002-04-01,09,"Recreation, Sport & Culture",92.4,0.0
2002-04-01,overall,Overall CPI,83.0,1.84
2002-05-01,01,Food & Beverages,75.0,0.0
2002-05-01,02,Alcoholic Beverages & Tobacco,60.5,5.03
2002-05-01,03,Clothing & Footwear,111.5,-2.53
2002-05-01,04,"Housing, Water, Electricity, Gas & Other Fuels",90.7,0.67
2002-05-01,05,Furnishings & Household Maintenance,90.0,-0.44
2002-05-01,06,Health,86.6,2.61
2002-05-01,07,Transport,82.9,7.94
2002-05-01,09,"Recreation, Sport & Culture",92.4,0.0
2002-05-01,overall,Overall CPI,83.1,1.96
2002-06-01,01,Food & Beverages,75.3,0.67
2002-06-01,02,Alcoholic Beverages & Tobacco,60.5,4.85
2002-06-01,03,Clothing & Footwear,111.3,-2.37
2002-06-01,04,"Housing, Water, Electricity, Gas & Other Fuels",90.7,0.67
2002-06-01,05,Furnishings & Household Maintenance,89.9,-0.55
2002-06-01,06,Health,86.7,2.48
2002-06-01,07,Transport,82.9,7.94
2002-06-01,09,"Recreation, Sport & Culture",92.3,0.0
2002-06-01,overall,Overall CPI,83.2,2.09
2002-07-01,01,Food & Beverages,75.2,0.67
2002-07-01,02,Alcoholic Beverages & Tobacco,60.5,4.85
2002-07-01,03,Clothing & Footwear,111.1,-2.71
2002-07-01,04,"Housing, Water, Electricity, Gas & Other Fuels",90.7,0.67
2002-07-01,05,Furnishings & Household Maintenance,89.9,-0.66
2002-07-01,06,Health,86.9,2.48
2002-07-01,07,Transport,82.9,7.94
2002-07-01,09,"Recreation, Sport & Culture",92.6,0.43
2002-07-01,overall,Overall CPI,83.2,2.09
2002-08-01,01,Food & Beverages,75.2,1.08
2002-08-01,02,Alcoholic Beverages & Tobacco,60.5,4.85
2002-08-01,03,Clothing & Footwear,109.8,-2.49
2002-08-01,04,"Housing, Water, Electricity, Gas & Other Fuels",90.7,0.55
2002-08-01,05,Furnishings & Household Maintenance,89.7,-0.66
2002-08-01,06,Health,87.0,2.23
2002-08-01,07,Transport,82.9,7.66
2002-08-01,09,"Recreation, Sport & Culture",92.5,0.65
2002-08-01,overall,Overall CPI,83.1,2.09
2002-09-01,01,Food & Beverages,75.2,0.53
2002-09-01,02,Alcoholic Beverages & Tobacco,60.5,4.85
2002-09-01,03,Clothing & Footwear,110.5,-1.87
2002-09-01,04,"Housing, Water, Electricity, Gas & Other Fuels",90.7,0.55
2002-09-01,05,Furnishings & Household Maintenance,89.8,-0.66
2002-09-01,06,Health,87.1,2.23
2002-09-01,07,Transport,82.8,7.53
2002-09-01,09,"Recreation, Sport & Culture",92.5,0.65
2002-09-01,overall,Overall CPI,83.2,2.09
2002-10-01,01,Food & Beverages,75.1,0.94
2002-10-01,02,Alcoholic Beverages & Tobacco,60.5,4.85
2002-10-01,03,Clothing & Footwear,110.1,-2.39
2002-10-01,04,"Housing, Water, Electricity, Gas & Other Fuels",90.7,0.55
2002-10-01,05,Furnishings & Household Maintenance,89.7,-0.77
2002-10-01,06,Health,87.2,2.23
2002-10-01,07,Transport,82.8,7.53
2002-10-01,09,"Recreation, Sport & Culture",92.4,0.65
2002-10-01,overall,Overall CPI,83.1,2.09
2002-11-01,01,Food & Beverages,75.6,0.93
2002-11-01,02,Alcoholic Beverages & Tobacco,60.5,0.0
2002-11-01,03,Clothing & Footwear,110.4,-1.78
2002-11-01,04,"Housing, Water, Electricity, Gas & Other Fuels",90.8,0.55
2002-11-01,05,Furnishings & Household Maintenance,89.7,-0.66
2002-11-01,06,Health,87.3,2.22
2002-11-01,07,Transport,83.0,5.46
2002-11-01,09,"Recreation, Sport & Culture",92.2,0.44
2002-11-01,overall,Overall CPI,83.3,1.59
2002-12-01,01,Food & Beverages,76.1,1.2
2002-12-01,02,Alcoholic Beverages & Tobacco,60.5,0.0
2002-12-01,03,Clothing & Footwear,109.4,-1.62
2002-12-01,04,"Housing, Water, Electricity, Gas & Other Fuels",90.8,0.55
2002-12-01,05,Furnishings & Household Maintenance,89.7,-0.44
2002-12-01,06,Health,87.4,2.22
2002-12-01,07,Transport,82.9,5.47
2002-12-01,09,"Recreation, Sport & Culture",92.2,0.44
2002-12-01,overall,Overall CPI,83.4,1.58
2003-01-01,01,Food & Beverages,78.3,3.57
2003-01-01,02,Alcoholic Beverages & Tobacco,58.7,-2.98
2003-01-01,03,Clothing & Footwear,107.9,-3.83
2003-01-01,04,"Housing, Water, Electricity, Gas & Other Fuels",92.1,1.99
2003-01-01,05,Furnishings & Household Maintenance,91.7,1.78
2003-01-01,06,Health,89.0,3.97
2003-01-01,07,Transport,86.5,9.77
2003-01-01,09,"Recreation, Sport & Culture",94.2,2.17
2003-01-01,overall,Overall CPI,85.5,3.89
2003-02-01,01,Food & Beverages,78.4,3.29
2003-02-01,02,Alcoholic Beverages & Tobacco,58.7,-2.98
2003-02-01,03,Clothing & Footwear,109.0,-3.02
2003-02-01,04,"Housing, Water, Electricity, Gas & Other Fuels",91.9,1.55
2003-02-01,05,Furnishings & Household Maintenance,91.5,1.55
2003-02-01,06,Health,88.8,3.38
2003-02-01,07,Transport,86.3,9.52
2003-02-01,09,"Recreation, Sport & Culture",94.3,1.95
2003-02-01,overall,Overall CPI,85.6,3.76
2003-03-01,01,Food & Beverages,77.5,2.92
2003-03-01,02,Alcoholic Beverages & Tobacco,58.6,-3.14
2003-03-01,03,Clothing & Footwear,108.9,-2.16
2003-03-01,04,"Housing, Water, Electricity, Gas & Other Fuels",91.9,1.55
2003-03-01,05,Furnishings & Household Maintenance,91.3,1.44
2003-03-01,06,Health,88.8,3.14
2003-03-01,07,Transport,86.7,4.96
2003-03-01,09,"Recreation, Sport & Culture",94.0,1.73
2003-03-01,overall,Overall CPI,85.2,2.53
2003-04-01,01,Food & Beverages,77.3,2.93
2003-04-01,02,Alcoholic Beverages & Tobacco,58.6,-3.14
2003-04-01,03,Clothing & Footwear,108.8,-2.68
2003-04-01,04,"Housing, Water, Electricity, Gas & Other Fuels",91.9,1.55
2003-04-01,05,Furnishings & Household Maintenance,90.7,0.78
2003-04-01,06,Health,88.5,2.55
2003-04-01,07,Transport,86.5,4.72
2003-04-01,09,"Recreation, Sport & Culture",93.9,1.62
2003-04-01,overall,Overall CPI,85.2,2.65
2003-05-01,01,Food & Beverages,76.8,2.4
2003-05-01,02,Alcoholic Beverages & Tobacco,58.6,-3.14
2003-05-01,03,Clothing & Footwear,108.9,-2.33
2003-05-01,04,"Housing, Water, Electricity, Gas & Other Fuels",91.6,0.99
2003-05-01,05,Furnishings & Household Maintenance,90.5,0.56
2003-05-01,06,Health,88.4,2.08
2003-05-01,07,Transport,83.1,0.24
2003-05-01,09,"Recreation, Sport & Culture",94.0,1.73
2003-05-01,overall,Overall CPI,84.4,1.56
2003-06-01,01,Food & Beverages,76.0,0.93
2003-06-01,02,Alcoholic Beverages & Tobacco,58.6,-3.14
2003-06-01,03,Clothing & Footwear,109.6,-1.53
2003-06-01,04,"Housing, Water, Electricity, Gas & Other Fuels",91.6,0.99
2003-06-01,05,Furnishings & Household Maintenance,90.4,0.56
2003-06-01,06,Health,88.1,1.61
2003-06-01,07,Transport,82.8,-0.12
2003-06-01,09,"Recreation, Sport & Culture",94.1,1.95
2003-06-01,overall,Overall CPI,84.1,1.08
2003-07-01,01,Food & Beverages,76.2,1.33
2003-07-01,02,Alcoholic Beverages & Tobacco,58.5,-3.31
2003-07-01,03,Clothing & Footwear,108.8,-2.07
2003-07-01,04,"Housing, Water, Electricity, Gas & Other Fuels",91.6,0.99
2003-07-01,05,Furnishings & Household Maintenance,89.9,0.0
2003-07-01,06,Health,88.0,1.27
2003-07-01,07,Transport,82.1,-0.97
2003-07-01,09,"Recreation, Sport & Culture",94.1,1.62
2003-07-01,overall,Overall CPI,84.0,0.96
2003-08-01,01,Food & Beverages,75.5,0.4
2003-08-01,02,Alcoholic Beverages & Tobacco,58.5,-3.31
2003-08-01,03,Clothing & Footwear,109.7,-0.09
2003-08-01,04,"Housing, Water, Electricity, Gas & Other Fuels",91.1,0.44
2003-08-01,05,Furnishings & Household Maintenance,89.6,-0.11
2003-08-01,06,Health,87.7,0.8
2003-08-01,07,Transport,79.1,-4.58
2003-08-01,09,"Recreation, Sport & Culture",94.3,1.95
2003-08-01,overall,Overall CPI,83.1,0.0
2003-09-01,01,Food & Beverages,75.4,0.27
2003-09-01,02,Alcoholic Beverages & Tobacco,62.5,3.31
2003-09-01,03,Clothing & Footwear,108.3,-1.99
2003-09-01,04,"Housing, Water, Electricity, Gas & Other Fuels",91.1,0.44
2003-09-01,05,Furnishings & Household Maintenance,89.3,-0.56
2003-09-01,06,Health,87.4,0.34
2003-09-01,07,Transport,79.0,-4.59
2003-09-01,09,"Recreation, Sport & Culture",94.1,1.73
2003-09-01,overall,Overall CPI,83.1,-0.12
2003-10-01,01,Food & Beverages,75.2,0.13
2003-10-01,02,Alcoholic Beverages & Tobacco,55.1,-8.93
2003-10-01,03,Clothing & Footwear,108.6,-1.36
2003-10-01,04,"Housing, Water, Electricity, Gas & Other Fuels",91.0,0.33
2003-10-01,05,Furnishings & Household Maintenance,88.7,-1.11
2003-10-01,06,Health,87.5,0.34
2003-10-01,07,Transport,78.8,-4.83
2003-10-01,09,"Recreation, Sport & Culture",93.9,1.62
2003-10-01,overall,Overall CPI,82.7,-0.48
2003-11-01,01,Food & Beverages,74.6,-1.32
2003-11-01,02,Alcoholic Beverages & Tobacco,55.1,-8.93
2003-11-01,03,Clothing & Footwear,107.3,-2.81
2003-11-01,04,"Housing, Water, Electricity, Gas & Other Fuels",90.5,-0.33
2003-11-01,05,Furnishings & Household Maintenance,88.2,-1.67
2003-11-01,06,Health,87.2,-0.11
2003-11-01,07,Transport,78.5,-5.42
2003-11-01,09,"Recreation, Sport & Culture",93.9,1.84
2003-11-01,overall,Overall CPI,82.3,-1.2
2003-12-01,01,Food & Beverages,74.4,-2.23
2003-12-01,02,Alcoholic Beverages & Tobacco,55.1,-8.93
2003-12-01,03,Clothing & Footwear,108.8,-0.55
2003-12-01,04,"Housing, Water, Electricity, Gas & Other Fuels",90.5,-0.33
2003-12-01,05,Furnishings & Household Maintenance,88.2,-1.67
2003-12-01,06,Health,87.1,-0.34
2003-12-01,07,Transport,77.2,-6.88
2003-12-01,09,"Recreation, Sport & Culture",93.8,1.74
2003-12-01,overall,Overall CPI,81.9,-1.8
2004-01-01,01,Food & Beverages,78.0,-0.38
2004-01-01,02,Alcoholic Beverages & Tobacco,61.7,5.11
2004-01-01,03,Clothing & Footwear,106.5,-1.3
2004-01-01,04,"Housing, Water, Electricity, Gas & Other Fuels",92.4,0.33
2004-01-01,05,Furnishings & Household Maintenance,90.3,-1.53
2004-01-01,06,Health,89.5,0.56
2004-01-01,07,Transport,82.5,-4.62
2004-01-01,08,Information & Communication,104.2,3.48
2004-01-01,09,"Recreation, Sport & Culture",93.7,-0.53
2004-01-01,10,Education,89.3,1.59
2004-01-01,11,Restaurant & Accommodation Services,80.5,-0.62
2004-01-01,13,Personal Care & Miscellaneous,87.4,1.27
2004-01-01,overall,Overall CPI,85.1,-0.47
2004-02-01,01,Food & Beverages,78.0,-0.51
2004-02-01,02,Alcoholic Beverages & Tobacco,61.7,5.11
2004-02-01,03,Clothing & Footwear,108.0,-0.92
2004-02-01,04,"Housing, Water, Electricity, Gas & Other Fuels",92.4,0.54
2004-02-01,05,Furnishings & Household Maintenance,90.4,-1.2
2004-02-01,06,Health,89.4,0.68
2004-02-01,07,Transport,82.7,-4.17
2004-02-01,08,Information & Communication,104.2,3.48
2004-02-01,09,"Recreation, Sport & Culture",93.7,-0.64
2004-02-01,10,Education,89.2,0.68
2004-02-01,11,Restaurant & Accommodation Services,80.4,-0.5
2004-02-01,13,Personal Care & Miscellaneous,87.5,0.46
2004-02-01,overall,Overall CPI,85.2,-0.47
2004-03-01,01,Food & Beverages,77.8,0.39
2004-03-01,02,Alcoholic Beverages & Tobacco,61.7,5.29
2004-03-01,03,Clothing & Footwear,106.8,-1.93
2004-03-01,04,"Housing, Water, Electricity, Gas & Other Fuels",92.5,0.65
2004-03-01,05,Furnishings & Household Maintenance,90.4,-0.99
2004-03-01,06,Health,89.5,0.79
2004-03-01,07,Transport,82.8,-4.5
2004-03-01,08,Information & Communication,104.3,3.47
2004-03-01,09,"Recreation, Sport & Culture",93.3,-0.74
2004-03-01,10,Education,89.1,0.68
2004-03-01,11,Restaurant & Accommodation Services,80.3,-0.25
2004-03-01,13,Personal Care & Miscellaneous,87.3,0.81
2004-03-01,overall,Overall CPI,85.0,-0.23
2004-04-01,01,Food & Beverages,78.1,1.03
2004-04-01,02,Alcoholic Beverages & Tobacco,61.7,5.29
2004-04-01,03,Clothing & Footwear,107.2,-1.47
2004-04-01,04,"Housing, Water, Electricity, Gas & Other Fuels",92.6,0.76
2004-04-01,05,Furnishings & Household Maintenance,90.6,-0.11
2004-04-01,06,Health,89.3,0.9
2004-04-01,07,Transport,83.1,-3.93
2004-04-01,08,Information & Communication,104.2,-0.1
2004-04-01,09,"Recreation, Sport & Culture",93.5,-0.43
2004-04-01,10,Education,89.2,0.79
2004-04-01,11,Restaurant & Accommodation Services,80.2,0.12
2004-04-01,13,Personal Care & Miscellaneous,87.7,1.62
2004-04-01,overall,Overall CPI,85.2,0.0
2004-05-01,01,Food & Beverages,78.1,1.69
2004-05-01,02,Alcoholic Beverages & Tobacco,61.7,5.29
2004-05-01,03,Clothing & Footwear,106.4,-2.3
2004-05-01,04,"Housing, Water, Electricity, Gas & Other Fuels",92.4,0.87
2004-05-01,05,Furnishings & Household Maintenance,90.6,0.11
2004-05-01,06,Health,89.4,1.13
2004-05-01,07,Transport,83.3,0.24
2004-05-01,08,Information & Communication,104.2,-0.1
2004-05-01,09,"Recreation, Sport & Culture",93.4,-0.64
2004-05-01,10,Education,89.2,0.9
2004-05-01,11,Restaurant & Accommodation Services,80.2,0.75
2004-05-01,13,Personal Care & Miscellaneous,87.0,1.05
2004-05-01,overall,Overall CPI,85.2,0.95
2004-06-01,01,Food & Beverages,78.0,2.63
2004-06-01,02,Alcoholic Beverages & Tobacco,61.6,5.12
2004-06-01,03,Clothing & Footwear,107.2,-2.19
2004-06-01,04,"Housing, Water, Electricity, Gas & Other Fuels",92.4,0.87
2004-06-01,05,Furnishings & Household Maintenance,90.6,0.22
2004-06-01,06,Health,89.3,1.36
2004-06-01,07,Transport,83.3,0.6
2004-06-01,08,Information & Communication,104.2,-0.1
2004-06-01,09,"Recreation, Sport & Culture",93.4,-0.74
2004-06-01,10,Education,89.2,1.59
2004-06-01,11,Restaurant & Accommodation Services,80.3,1.52
2004-06-01,13,Personal Care & Miscellaneous,86.5,0.58
2004-06-01,overall,Overall CPI,85.1,1.19
2004-07-01,01,Food & Beverages,78.0,2.36
2004-07-01,02,Alcoholic Beverages & Tobacco,61.7,5.47
2004-07-01,03,Clothing & Footwear,106.8,-1.84
2004-07-01,04,"Housing, Water, Electricity, Gas & Other Fuels",92.3,0.76
2004-07-01,05,Furnishings & Household Maintenance,90.4,0.56
2004-07-01,06,Health,89.4,1.59
2004-07-01,07,Transport,82.7,0.73
2004-07-01,08,Information & Communication,104.0,-0.1
2004-07-01,09,"Recreation, Sport & Culture",93.2,-0.96
2004-07-01,10,Education,89.3,1.82
2004-07-01,11,Restaurant & Accommodation Services,80.3,1.77
2004-07-01,13,Personal Care & Miscellaneous,86.6,1.05
2004-07-01,overall,Overall CPI,85.1,1.31
2004-08-01,01,Food & Beverages,77.8,3.05
2004-08-01,02,Alcoholic Beverages & Tobacco,61.7,5.47
2004-08-01,03,Clothing & Footwear,106.5,-2.92
2004-08-01,04,"Housing, Water, Electricity, Gas & Other Fuels",92.1,1.1
2004-08-01,05,Furnishings & Household Maintenance,90.5,1.0
2004-08-01,06,Health,89.2,1.71
2004-08-01,07,Transport,82.0,3.67
2004-08-01,08,Information & Communication,104.0,-0.1
2004-08-01,09,"Recreation, Sport & Culture",93.3,-1.06
2004-08-01,10,Education,89.3,1.82
2004-08-01,11,Restaurant & Accommodation Services,80.4,2.55
2004-08-01,13,Personal Care & Miscellaneous,86.8,1.05
2004-08-01,overall,Overall CPI,84.8,2.05
2004-09-01,01,Food & Beverages,77.6,2.92
2004-09-01,02,Alcoholic Beverages & Tobacco,72.7,16.32
2004-09-01,03,Clothing & Footwear,106.5,-1.66
2004-09-01,04,"Housing, Water, Electricity, Gas & Other Fuels",92.1,1.1
2004-09-01,05,Furnishings & Household Maintenance,90.4,1.23
2004-09-01,06,Health,89.2,2.06
2004-09-01,07,Transport,82.2,4.05
2004-09-01,08,Information & Communication,104.0,-0.1
2004-09-01,09,"Recreation, Sport & Culture",93.2,-0.96
2004-09-01,10,Education,89.2,1.83
2004-09-01,11,Restaurant & Accommodation Services,80.4,3.08
2004-09-01,13,Personal Care & Miscellaneous,86.6,0.93
2004-09-01,overall,Overall CPI,85.1,2.41
2004-10-01,01,Food & Beverages,78.1,3.86
2004-10-01,02,Alcoholic Beverages & Tobacco,68.6,24.5
2004-10-01,03,Clothing & Footwear,106.3,-2.12
2004-10-01,04,"Housing, Water, Electricity, Gas & Other Fuels",92.1,1.21
2004-10-01,05,Furnishings & Household Maintenance,90.5,2.03
2004-10-01,06,Health,89.3,2.06
2004-10-01,07,Transport,83.2,5.58
2004-10-01,08,Information & Communication,104.1,-0.1
2004-10-01,09,"Recreation, Sport & Culture",93.0,-0.96
2004-10-01,10,Education,89.2,1.71
2004-10-01,11,Restaurant & Accommodation Services,80.3,3.35
2004-10-01,13,Personal Care & Miscellaneous,86.4,1.89
2004-10-01,overall,Overall CPI,85.4,3.26
2004-11-01,01,Food & Beverages,78.0,4.56
2004-11-01,02,Alcoholic Beverages & Tobacco,68.4,24.14
2004-11-01,03,Clothing & Footwear,105.8,-1.4
2004-11-01,04,"Housing, Water, Electricity, Gas & Other Fuels",92.0,1.66
2004-11-01,05,Furnishings & Household Maintenance,90.3,2.38
2004-11-01,06,Health,89.0,2.06
2004-11-01,07,Transport,83.0,5.73
2004-11-01,08,Information & Communication,104.8,0.58
2004-11-01,09,"Recreation, Sport & Culture",92.3,-1.7
2004-11-01,10,Education,89.4,2.05
2004-11-01,11,Restaurant & Accommodation Services,80.8,4.39
2004-11-01,13,Personal Care & Miscellaneous,86.4,2.49
2004-11-01,overall,Overall CPI,85.3,3.65
2004-12-01,01,Food & Beverages,78.2,5.11
2004-12-01,02,Alcoholic Beverages & Tobacco,68.7,24.68
2004-12-01,03,Clothing & Footwear,106.6,-2.02
2004-12-01,04,"Housing, Water, Electricity, Gas & Other Fuels",92.0,1.66
2004-12-01,05,Furnishings & Household Maintenance,90.4,2.49
2004-12-01,06,Health,89.0,2.18
2004-12-01,07,Transport,81.7,5.83
2004-12-01,08,Information & Communication,104.6,0.38
2004-12-01,09,"Recreation, Sport & Culture",92.3,-1.6
2004-12-01,10,Education,89.3,1.94
2004-12-01,11,Restaurant & Accommodation Services,80.4,4.55
2004-12-01,13,Personal Care & Miscellaneous,86.3,3.23
2004-12-01,overall,Overall CPI,85.1,3.91
2005-01-01,01,Food & Beverages,79.8,2.31
2005-01-01,02,Alcoholic Beverages & Tobacco,72.0,16.69
2005-01-01,03,Clothing & Footwear,106.6,0.09
2005-01-01,04,"Housing, Water, Electricity, Gas & Other Fuels",92.8,0.43
2005-01-01,05,Furnishings & Household Maintenance,90.8,0.55
2005-01-01,06,Health,89.8,0.34
2005-01-01,07,Transport,84.1,1.94
2005-01-01,08,Information & Communication,104.6,0.38
2005-01-01,09,"Recreation, Sport & Culture",93.3,-0.43
2005-01-01,10,Education,90.6,1.46
2005-01-01,11,Restaurant & Accommodation Services,81.7,1.49
2005-01-01,13,Personal Care & Miscellaneous,87.8,0.46
2005-01-01,overall,Overall CPI,86.5,1.65
2005-02-01,01,Food & Beverages,79.8,2.31
2005-02-01,02,Alcoholic Beverages & Tobacco,72.0,16.69
2005-02-01,03,Clothing & Footwear,106.4,-1.48
2005-02-01,04,"Housing, Water, Electricity, Gas & Other Fuels",93.0,0.65
2005-02-01,05,Furnishings & Household Maintenance,91.0,0.66
2005-02-01,06,Health,89.8,0.45
2005-02-01,07,Transport,84.2,1.81
2005-02-01,08,Information & Communication,104.6,0.38
2005-02-01,09,"Recreation, Sport & Culture",93.2,-0.53
2005-02-01,10,Education,90.6,1.57
2005-02-01,11,Restaurant & Accommodation Services,81.8,1.74
2005-02-01,13,Personal Care & Miscellaneous,87.7,0.23
2005-02-01,overall,Overall CPI,86.6,1.64
2005-03-01,01,Food & Beverages,79.9,2.7
2005-03-01,02,Alcoholic Beverages & Tobacco,72.1,16.86
2005-03-01,03,Clothing & Footwear,105.8,-0.94
2005-03-01,04,"Housing, Water, Electricity, Gas & Other Fuels",93.1,0.65
2005-03-01,05,Furnishings & Household Maintenance,91.0,0.66
2005-03-01,06,Health,89.9,0.45
2005-03-01,07,Transport,84.3,1.81
2005-03-01,08,Information & Communication,104.5,0.19
2005-03-01,09,"Recreation, Sport & Culture",93.3,0.0
2005-03-01,10,Education,90.6,1.68
2005-03-01,11,Restaurant & Accommodation Services,81.9,1.99
2005-03-01,13,Personal Care & Miscellaneous,87.6,0.34
2005-03-01,overall,Overall CPI,86.6,1.88
2005-04-01,01,Food & Beverages,80.3,2.82
2005-04-01,02,Alcoholic Beverages & Tobacco,72.0,16.69
2005-04-01,03,Clothing & Footwear,106.3,-0.84
2005-04-01,04,"Housing, Water, Electricity, Gas & Other Fuels",93.1,0.54
2005-04-01,05,Furnishings & Household Maintenance,91.4,0.88
2005-04-01,06,Health,90.0,0.78
2005-04-01,07,Transport,84.4,1.56
2005-04-01,08,Information & Communication,104.3,0.1
2005-04-01,09,"Recreation, Sport & Culture",93.2,-0.32
2005-04-01,10,Education,90.7,1.68
2005-04-01,11,Restaurant & Accommodation Services,82.2,2.49
2005-04-01,13,Personal Care & Miscellaneous,87.8,0.11
2005-04-01,overall,Overall CPI,86.8,1.88
2005-05-01,01,Food & Beverages,80.6,3.2
2005-05-01,02,Alcoholic Beverages & Tobacco,72.1,16.86
2005-05-01,03,Clothing & Footwear,106.1,-0.28
2005-05-01,04,"Housing, Water, Electricity, Gas & Other Fuels",93.3,0.97
2005-05-01,05,Furnishings & Household Maintenance,91.5,0.99
2005-05-01,06,Health,90.1,0.78
2005-05-01,07,Transport,87.7,5.28
2005-05-01,08,Information & Communication,104.2,0.0
2005-05-01,09,"Recreation, Sport & Culture",93.2,-0.21
2005-05-01,10,Education,90.7,1.68
2005-05-01,11,Restaurant & Accommodation Services,82.7,3.12
2005-05-01,13,Personal Care & Miscellaneous,87.9,1.03
2005-05-01,overall,Overall CPI,87.5,2.7
2005-06-01,01,Food & Beverages,81.0,3.85
2005-06-01,02,Alcoholic Beverages & Tobacco,72.2,17.21
2005-06-01,03,Clothing & Footwear,105.6,-1.49
2005-06-01,04,"Housing, Water, Electricity, Gas & Other Fuels",93.3,0.97
2005-06-01,05,Furnishings & Household Maintenance,91.6,1.1
2005-06-01,06,Health,90.2,1.01
2005-06-01,07,Transport,87.7,5.28
2005-06-01,08,Information & Communication,104.0,-0.19
2005-06-01,09,"Recreation, Sport & Culture",93.2,-0.21
2005-06-01,10,Education,90.8,1.79
2005-06-01,11,Restaurant & Accommodation Services,83.0,3.36
2005-06-01,13,Personal Care & Miscellaneous,87.8,1.5
2005-06-01,overall,Overall CPI,87.6,2.94
2005-07-01,01,Food & Beverages,80.8,3.59
2005-07-01,02,Alcoholic Beverages & Tobacco,72.3,17.18
2005-07-01,03,Clothing & Footwear,106.1,-0.66
2005-07-01,04,"Housing, Water, Electricity, Gas & Other Fuels",93.3,1.08
2005-07-01,05,Furnishings & Household Maintenance,91.7,1.44
2005-07-01,06,Health,90.9,1.68
2005-07-01,07,Transport,87.9,6.29
2005-07-01,08,Information & Communication,104.0,0.0
2005-07-01,09,"Recreation, Sport & Culture",93.1,-0.11
2005-07-01,10,Education,90.9,1.79
2005-07-01,11,Restaurant & Accommodation Services,83.4,3.86
2005-07-01,13,Personal Care & Miscellaneous,87.9,1.5
2005-07-01,overall,Overall CPI,87.6,2.94
2005-08-01,01,Food & Beverages,81.1,4.24
2005-08-01,02,Alcoholic Beverages & Tobacco,72.3,17.18
2005-08-01,03,Clothing & Footwear,104.3,-2.07
2005-08-01,04,"Housing, Water, Electricity, Gas & Other Fuels",93.6,1.63
2005-08-01,05,Furnishings & Household Maintenance,91.7,1.33
2005-08-01,06,Health,91.6,2.69
2005-08-01,07,Transport,90.8,10.73
2005-08-01,08,Information & Communication,103.9,-0.1
2005-08-01,09,"Recreation, Sport & Culture",93.1,-0.21
2005-08-01,10,Education,91.0,1.9
2005-08-01,11,Restaurant & Accommodation Services,83.9,4.35
2005-08-01,13,Personal Care & Miscellaneous,87.9,1.27
2005-08-01,overall,Overall CPI,88.2,4.01
2005-09-01,01,Food & Beverages,81.3,4.77
2005-09-01,02,Alcoholic Beverages & Tobacco,72.3,-0.55
2005-09-01,03,Clothing & Footwear,105.9,-0.56
2005-09-01,04,"Housing, Water, Electricity, Gas & Other Fuels",93.7,1.74
2005-09-01,05,Furnishings & Household Maintenance,91.8,1.55
2005-09-01,06,Health,91.7,2.8
2005-09-01,07,Transport,90.8,10.46
2005-09-01,08,Information & Communication,103.9,-0.1
2005-09-01,09,"Recreation, Sport & Culture",93.5,0.32
2005-09-01,10,Education,90.9,1.91
2005-09-01,11,Restaurant & Accommodation Services,84.1,4.6
2005-09-01,13,Personal Care & Miscellaneous,88.2,1.85
2005-09-01,overall,Overall CPI,88.4,3.88
2005-10-01,01,Food & Beverages,81.6,4.48
2005-10-01,02,Alcoholic Beverages & Tobacco,77.0,12.24
2005-10-01,03,Clothing & Footwear,104.9,-1.32
2005-10-01,04,"Housing, Water, Electricity, Gas & Other Fuels",93.7,1.74
2005-10-01,05,Furnishings & Household Maintenance,91.9,1.55
2005-10-01,06,Health,91.7,2.69
2005-10-01,07,Transport,90.9,9.25
2005-10-01,08,Information & Communication,103.7,-0.38
2005-10-01,09,"Recreation, Sport & Culture",93.3,0.32
2005-10-01,10,Education,90.9,1.91
2005-10-01,11,Restaurant & Accommodation Services,84.4,5.11
2005-10-01,13,Personal Care & Miscellaneous,88.4,2.31
2005-10-01,overall,Overall CPI,88.6,3.75
2005-11-01,01,Food & Beverages,82.1,5.26
2005-11-01,02,Alcoholic Beverages & Tobacco,77.0,12.57
2005-11-01,03,Clothing & Footwear,105.6,-0.19
2005-11-01,04,"Housing, Water, Electricity, Gas & Other Fuels",93.8,1.96
2005-11-01,05,Furnishings & Household Maintenance,92.2,2.1
2005-11-01,06,Health,92.0,3.37
2005-11-01,07,Transport,90.9,9.52
2005-11-01,08,Information & Communication,103.6,-1.15
2005-11-01,09,"Recreation, Sport & Culture",93.3,1.08
2005-11-01,10,Education,90.9,1.68
2005-11-01,11,Restaurant & Accommodation Services,84.6,4.7
2005-11-01,13,Personal Care & Miscellaneous,88.5,2.43
2005-11-01,overall,Overall CPI,88.9,4.22
2005-12-01,01,Food & Beverages,82.5,5.5
2005-12-01,02,Alcoholic Beverages & Tobacco,77.0,12.08
2005-12-01,03,Clothing & Footwear,104.7,-1.78
2005-12-01,04,"Housing, Water, Electricity, Gas & Other Fuels",93.8,1.96
2005-12-01,05,Furnishings & Household Maintenance,92.2,1.99
2005-12-01,06,Health,91.9,3.26
2005-12-01,07,Transport,90.9,11.26
2005-12-01,08,Information & Communication,103.5,-1.05
2005-12-01,09,"Recreation, Sport & Culture",93.7,1.52
2005-12-01,10,Education,91.0,1.9
2005-12-01,11,Restaurant & Accommodation Services,84.7,5.35
2005-12-01,13,Personal Care & Miscellaneous,88.8,2.9
2005-12-01,overall,Overall CPI,89.0,4.58
2006-01-01,01,Food & Beverages,83.2,4.26
2006-01-01,02,Alcoholic Beverages & Tobacco,77.1,7.08
2006-01-01,03,Clothing & Footwear,104.4,-2.06
2006-01-01,04,"Housing, Water, Electricity, Gas & Other Fuels",93.8,1.08
2006-01-01,05,Furnishings & Household Maintenance,92.2,1.54
2006-01-01,06,Health,92.1,2.56
2006-01-01,07,Transport,91.0,8.2
2006-01-01,08,Information & Communication,103.5,-1.05
2006-01-01,09,"Recreation, Sport & Culture",93.7,0.43
2006-01-01,10,Education,91.6,1.1
2006-01-01,11,Restaurant & Accommodation Services,85.1,4.16
2006-01-01,13,Personal Care & Miscellaneous,89.2,1.59
2006-01-01,overall,Overall CPI,89.3,3.24
2006-02-01,01,Food & Beverages,83.0,4.01
2006-02-01,02,Alcoholic Beverages & Tobacco,77.2,7.22
2006-02-01,03,Clothing & Footwear,105.5,-0.85
2006-02-01,04,"Housing, Water, Electricity, Gas & Other Fuels",94.0,1.08
2006-02-01,05,Furnishings & Household Maintenance,92.3,1.43
2006-02-01,06,Health,92.3,2.78
2006-02-01,07,Transport,91.0,8.08
2006-02-01,08,Information & Communication,103.4,-1.15
2006-02-01,09,"Recreation, Sport & Culture",94.0,0.86
2006-02-01,10,Education,91.8,1.32
2006-02-01,11,Restaurant & Accommodation Services,85.3,4.28
2006-02-01,13,Personal Care & Miscellaneous,89.5,2.05
2006-02-01,overall,Overall CPI,89.4,3.23
2006-03-01,01,Food & Beverages,82.8,3.63
2006-03-01,02,Alcoholic Beverages & Tobacco,77.2,7.07
2006-03-01,03,Clothing & Footwear,104.2,-1.51
2006-03-01,04,"Housing, Water, Electricity, Gas & Other Fuels",94.5,1.5
2006-03-01,05,Furnishings & Household Maintenance,92.3,1.43
2006-03-01,06,Health,92.3,2.67
2006-03-01,07,Transport,99.5,18.03
2006-03-01,08,Information & Communication,103.2,-1.24
2006-03-01,09,"Recreation, Sport & Culture",93.9,0.64
2006-03-01,10,Education,91.9,1.43
2006-03-01,11,Restaurant & Accommodation Services,85.6,4.52
2006-03-01,13,Personal Care & Miscellaneous,89.3,1.94
2006-03-01,overall,Overall CPI,90.7,4.73
2006-04-01,01,Food & Beverages,82.8,3.11
2006-04-01,02,Alcoholic Beverages & Tobacco,77.2,7.22
2006-04-01,03,Clothing & Footwear,105.3,-0.94
2006-04-01,04,"Housing, Water, Electricity, Gas & Other Fuels",94.5,1.5
2006-04-01,05,Furnishings & Household Maintenance,92.5,1.2
2006-04-01,06,Health,92.4,2.67
2006-04-01,07,Transport,98.6,16.82
2006-04-01,08,Information & Communication,102.9,-1.34
2006-04-01,09,"Recreation, Sport & Culture",93.9,0.75
2006-04-01,10,Education,92.0,1.43
2006-04-01,11,Restaurant & Accommodation Services,85.9,4.5
2006-04-01,13,Personal Care & Miscellaneous,89.8,2.28
2006-04-01,overall,Overall CPI,90.7,4.49
2006-05-01,01,Food & Beverages,83.3,3.35
2006-05-01,02,Alcoholic Beverages & Tobacco,77.3,7.21
2006-05-01,03,Clothing & Footwear,105.1,-0.94
2006-05-01,04,"Housing, Water, Electricity, Gas & Other Fuels",94.7,1.5
2006-05-01,05,Furnishings & Household Maintenance,92.5,1.09
2006-05-01,06,Health,92.6,2.77
2006-05-01,07,Transport,98.6,12.43
2006-05-01,08,Information & Communication,102.7,-1.44
2006-05-01,09,"Recreation, Sport & Culture",93.9,0.75
2006-05-01,10,Education,92.0,1.43
2006-05-01,11,Restaurant & Accommodation Services,86.1,4.11
2006-05-01,13,Personal Care & Miscellaneous,90.8,3.3
2006-05-01,overall,Overall CPI,90.9,3.89
2006-06-01,01,Food & Beverages,83.6,3.21
2006-06-01,02,Alcoholic Beverages & Tobacco,77.3,7.06
2006-06-01,03,Clothing & Footwear,104.4,-1.14
2006-06-01,04,"Housing, Water, Electricity, Gas & Other Fuels",95.0,1.82
2006-06-01,05,Furnishings & Household Maintenance,92.6,1.09
2006-06-01,06,Health,92.6,2.66
2006-06-01,07,Transport,98.7,12.54
2006-06-01,08,Information & Communication,102.5,-1.44
2006-06-01,09,"Recreation, Sport & Culture",93.9,0.75
2006-06-01,10,Education,92.3,1.65
2006-06-01,11,Restaurant & Accommodation Services,86.4,4.1
2006-06-01,13,Personal Care & Miscellaneous,90.3,2.85
2006-06-01,overall,Overall CPI,91.1,4.0
2006-07-01,01,Food & Beverages,83.9,3.84
2006-07-01,02,Alcoholic Beverages & Tobacco,77.3,6.92
2006-07-01,03,Clothing & Footwear,105.0,-1.04
2006-07-01,04,"Housing, Water, Electricity, Gas & Other Fuels",95.0,1.82
2006-07-01,05,Furnishings & Household Maintenance,92.7,1.09
2006-07-01,06,Health,92.9,2.2
2006-07-01,07,Transport,98.7,12.29
2006-07-01,08,Information & Communication,102.4,-1.54
2006-07-01,09,"Recreation, Sport & Culture",94.1,1.07
2006-07-01,10,Education,92.4,1.65
2006-07-01,11,Restaurant & Accommodation Services,86.5,3.72
2006-07-01,13,Personal Care & Miscellaneous,90.2,2.62
2006-07-01,overall,Overall CPI,91.2,4.11
2006-08-01,01,Food & Beverages,83.7,3.21
2006-08-01,02,Alcoholic Beverages & Tobacco,77.3,6.92
2006-08-01,03,Clothing & Footwear,103.5,-0.77
2006-08-01,04,"Housing, Water, Electricity, Gas & Other Fuels",95.1,1.6
2006-08-01,05,Furnishings & Household Maintenance,92.6,0.98
2006-08-01,06,Health,93.0,1.53
2006-08-01,07,Transport,98.8,8.81
2006-08-01,08,Information & Communication,102.3,-1.54
2006-08-01,09,"Recreation, Sport & Culture",94.0,0.97
2006-08-01,10,Education,92.6,1.76
2006-08-01,11,Restaurant & Accommodation Services,86.7,3.34
2006-08-01,13,Personal Care & Miscellaneous,90.3,2.73
2006-08-01,overall,Overall CPI,91.1,3.29
2006-09-01,01,Food & Beverages,83.8,3.08
2006-09-01,02,Alcoholic Beverages & Tobacco,80.9,11.89
2006-09-01,03,Clothing & Footwear,104.5,-1.32
2006-09-01,04,"Housing, Water, Electricity, Gas & Other Fuels",95.1,1.49
2006-09-01,05,Furnishings & Household Maintenance,92.8,1.09
2006-09-01,06,Health,93.2,1.64
2006-09-01,07,Transport,98.9,8.92
2006-09-01,08,Information & Communication,102.2,-1.64
2006-09-01,09,"Recreation, Sport & Culture",94.0,0.53
2006-09-01,10,Education,92.6,1.87
2006-09-01,11,Restaurant & Accommodation Services,86.8,3.21
2006-09-01,13,Personal Care & Miscellaneous,90.3,2.38
2006-09-01,overall,Overall CPI,91.3,3.28
2006-10-01,01,Food & Beverages,84.1,3.06
2006-10-01,02,Alcoholic Beverages & Tobacco,80.9,5.06
2006-10-01,03,Clothing & Footwear,103.0,-1.81
2006-10-01,04,"Housing, Water, Electricity, Gas & Other Fuels",95.1,1.49
2006-10-01,05,Furnishings & Household Maintenance,92.9,1.09
2006-10-01,06,Health,93.2,1.64
2006-10-01,07,Transport,98.9,8.8
2006-10-01,08,Information & Communication,102.1,-1.54
2006-10-01,09,"Recreation, Sport & Culture",94.0,0.75
2006-10-01,10,Education,92.6,1.87
2006-10-01,11,Restaurant & Accommodation Services,86.8,2.84
2006-10-01,13,Personal Care & Miscellaneous,89.8,1.58
2006-10-01,overall,Overall CPI,91.3,3.05
2006-11-01,01,Food & Beverages,84.5,2.92
2006-11-01,02,Alcoholic Beverages & Tobacco,80.9,5.06
2006-11-01,03,Clothing & Footwear,104.1,-1.42
2006-11-01,04,"Housing, Water, Electricity, Gas & Other Fuels",95.3,1.6
2006-11-01,05,Furnishings & Household Maintenance,92.9,0.76
2006-11-01,06,Health,93.4,1.52
2006-11-01,07,Transport,98.9,8.8
2006-11-01,08,Information & Communication,102.0,-1.54
2006-11-01,09,"Recreation, Sport & Culture",94.0,0.75
2006-11-01,10,Education,92.7,1.98
2006-11-01,11,Restaurant & Accommodation Services,86.9,2.72
2006-11-01,13,Personal Care & Miscellaneous,90.1,1.81
2006-11-01,overall,Overall CPI,91.6,3.04
2006-12-01,01,Food & Beverages,85.0,3.03
2006-12-01,02,Alcoholic Beverages & Tobacco,81.0,5.19
2006-12-01,03,Clothing & Footwear,102.7,-1.91
2006-12-01,04,"Housing, Water, Electricity, Gas & Other Fuels",95.4,1.71
2006-12-01,05,Furnishings & Household Maintenance,92.9,0.76
2006-12-01,06,Health,93.5,1.74
2006-12-01,07,Transport,98.9,8.8
2006-12-01,08,Information & Communication,101.9,-1.55
2006-12-01,09,"Recreation, Sport & Culture",93.9,0.21
2006-12-01,10,Education,93.1,2.31
2006-12-01,11,Restaurant & Accommodation Services,87.1,2.83
2006-12-01,13,Personal Care & Miscellaneous,90.2,1.58
2006-12-01,overall,Overall CPI,91.8,3.15
2007-01-01,01,Food & Beverages,85.8,3.13
2007-01-01,02,Alcoholic Beverages & Tobacco,80.9,4.93
2007-01-01,03,Clothing & Footwear,103.9,-0.48
2007-01-01,04,"Housing, Water, Electricity, Gas & Other Fuels",95.4,1.71
2007-01-01,05,Furnishings & Household Maintenance,93.2,1.08
2007-01-01,06,Health,93.6,1.63
2007-01-01,07,Transport,99.5,9.34
2007-01-01,08,Information & Communication,101.8,-1.64
2007-01-01,09,"Recreation, Sport & Culture",94.0,0.32
2007-01-01,10,Education,93.6,2.18
2007-01-01,11,Restaurant & Accommodation Services,87.4,2.7
2007-01-01,13,Personal Care & Miscellaneous,90.1,1.01
2007-01-01,overall,Overall CPI,92.2,3.25
2007-02-01,01,Food & Beverages,85.7,3.25
2007-02-01,02,Alcoholic Beverages & Tobacco,80.9,4.79
2007-02-01,03,Clothing & Footwear,102.7,-2.65
2007-02-01,04,"Housing, Water, Electricity, Gas & Other Fuels",95.7,1.81
2007-02-01,05,Furnishings & Household Maintenance,93.1,0.87
2007-02-01,06,Health,93.7,1.52
2007-02-01,07,Transport,99.5,9.34
2007-02-01,08,Information & Communication,101.7,-1.64
2007-02-01,09,"Recreation, Sport & Culture",94.1,0.11
2007-02-01,10,Education,93.7,2.07
2007-02-01,11,Restaurant & Accommodation Services,87.3,2.34
2007-02-01,13,Personal Care & Miscellaneous,90.3,0.89
2007-02-01,overall,Overall CPI,92.2,3.13
2007-03-01,01,Food & Beverages,85.3,3.02
2007-03-01,02,Alcoholic Beverages & Tobacco,80.9,4.79
2007-03-01,03,Clothing & Footwear,103.1,-1.06
2007-03-01,04,"Housing, Water, Electricity, Gas & Other Fuels",95.7,1.27
2007-03-01,05,Furnishings & Household Maintenance,93.4,1.19
2007-03-01,06,Health,93.7,1.52
2007-03-01,07,Transport,99.6,0.1
2007-03-01,08,Information & Communication,101.6,-1.55
2007-03-01,09,"Recreation, Sport & Culture",93.9,0.0
2007-03-01,10,Education,93.8,2.07
2007-03-01,11,Restaurant & Accommodation Services,87.7,2.45
2007-03-01,13,Personal Care & Miscellaneous,90.3,1.12
2007-03-01,overall,Overall CPI,92.1,1.54
2007-04-01,01,Food & Beverages,85.3,3.02
2007-04-01,02,Alcoholic Beverages & Tobacco,80.9,4.79
2007-04-01,03,Clothing & Footwear,103.2,-1.99
2007-04-01,04,"Housing, Water, Electricity, Gas & Other Fuels",95.7,1.27
2007-04-01,05,Furnishings & Household Maintenance,93.4,0.97
2007-04-01,06,Health,93.9,1.62
2007-04-01,07,Transport,99.6,1.01
2007-04-01,08,Information & Communication,101.5,-1.36
2007-04-01,09,"Recreation, Sport & Culture",93.9,0.0
2007-04-01,10,Education,93.8,1.96
2007-04-01,11,Restaurant & Accommodation Services,87.9,2.33
2007-04-01,13,Personal Care & Miscellaneous,90.5,0.78
2007-04-01,overall,Overall CPI,92.1,1.54
2007-05-01,01,Food & Beverages,85.3,2.4
2007-05-01,02,Alcoholic Beverages & Tobacco,80.9,4.66
2007-05-01,03,Clothing & Footwear,103.3,-1.71
2007-05-01,04,"Housing, Water, Electricity, Gas & Other Fuels",96.0,1.37
2007-05-01,05,Furnishings & Household Maintenance,93.4,0.97
2007-05-01,06,Health,94.0,1.51
2007-05-01,07,Transport,99.6,1.01
2007-05-01,08,Information & Communication,101.4,-1.27
2007-05-01,09,"Recreation, Sport & Culture",93.9,0.0
2007-05-01,10,Education,93.8,1.96
2007-05-01,11,Restaurant & Accommodation Services,88.3,2.56
2007-05-01,13,Personal Care & Miscellaneous,90.6,-0.22
2007-05-01,overall,Overall CPI,92.2,1.43
2007-06-01,01,Food & Beverages,85.5,2.27
2007-06-01,02,Alcoholic Beverages & Tobacco,80.9,4.66
2007-06-01,03,Clothing & Footwear,103.3,-1.05
2007-06-01,04,"Housing, Water, Electricity, Gas & Other Fuels",96.0,1.05
2007-06-01,05,Furnishings & Household Maintenance,93.5,0.97
2007-06-01,06,Health,94.1,1.62
2007-06-01,07,Transport,99.8,1.11
2007-06-01,08,Information & Communication,101.2,-1.27
2007-06-01,09,"Recreation, Sport & Culture",95.9,2.13
2007-06-01,10,Education,93.9,1.73
2007-06-01,11,Restaurant & Accommodation Services,89.2,3.24
2007-06-01,13,Personal Care & Miscellaneous,90.5,0.22
2007-06-01,overall,Overall CPI,92.4,1.43
2007-07-01,01,Food & Beverages,85.8,2.26
2007-07-01,02,Alcoholic Beverages & Tobacco,88.0,13.84
2007-07-01,03,Clothing & Footwear,102.7,-2.19
2007-07-01,04,"Housing, Water, Electricity, Gas & Other Fuels",96.0,1.05
2007-07-01,05,Furnishings & Household Maintenance,93.7,1.08
2007-07-01,06,Health,94.2,1.4
2007-07-01,07,Transport,99.8,1.11
2007-07-01,08,Information & Communication,101.2,-1.17
2007-07-01,09,"Recreation, Sport & Culture",96.1,2.13
2007-07-01,10,Education,93.9,1.62
2007-07-01,11,Restaurant & Accommodation Services,89.9,3.93
2007-07-01,13,Personal Care & Miscellaneous,90.6,0.44
2007-07-01,overall,Overall CPI,92.7,1.64
2007-08-01,01,Food & Beverages,86.1,2.87
2007-08-01,02,Alcoholic Beverages & Tobacco,88.1,13.97
2007-08-01,03,Clothing & Footwear,102.3,-1.16
2007-08-01,04,"Housing, Water, Electricity, Gas & Other Fuels",96.3,1.26
2007-08-01,05,Furnishings & Household Maintenance,93.7,1.19
2007-08-01,06,Health,94.2,1.29
2007-08-01,07,Transport,99.8,1.01
2007-08-01,08,Information & Communication,101.1,-1.17
2007-08-01,09,"Recreation, Sport & Culture",96.2,2.34
2007-08-01,10,Education,94.0,1.51
2007-08-01,11,Restaurant & Accommodation Services,90.3,4.15
2007-08-01,13,Personal Care & Miscellaneous,90.7,0.44
2007-08-01,overall,Overall CPI,92.9,1.98
2007-09-01,01,Food & Beverages,86.3,2.98
2007-09-01,02,Alcoholic Beverages & Tobacco,88.1,8.9
2007-09-01,03,Clothing & Footwear,103.2,-1.24
2007-09-01,04,"Housing, Water, Electricity, Gas & Other Fuels",96.3,1.26
2007-09-01,05,Furnishings & Household Maintenance,93.8,1.08
2007-09-01,06,Health,94.5,1.39
2007-09-01,07,Transport,99.9,1.01
2007-09-01,08,Information & Communication,101.2,-0.98
2007-09-01,09,"Recreation, Sport & Culture",96.2,2.34
2007-09-01,10,Education,94.0,1.51
2007-09-01,11,Restaurant & Accommodation Services,90.7,4.49
2007-09-01,13,Personal Care & Miscellaneous,91.0,0.78
2007-09-01,overall,Overall CPI,93.0,1.86
2007-10-01,01,Food & Beverages,86.6,2.97
2007-10-01,02,Alcoholic Beverages & Tobacco,88.1,8.9
2007-10-01,03,Clothing & Footwear,102.2,-0.78
2007-10-01,04,"Housing, Water, Electricity, Gas & Other Fuels",96.3,1.26
2007-10-01,05,Furnishings & Household Maintenance,93.8,0.97
2007-10-01,06,Health,94.6,1.5
2007-10-01,07,Transport,99.9,1.01
2007-10-01,08,Information & Communication,101.1,-0.98
2007-10-01,09,"Recreation, Sport & Culture",96.1,2.23
2007-10-01,10,Education,94.0,1.51
2007-10-01,11,Restaurant & Accommodation Services,90.8,4.61
2007-10-01,13,Personal Care & Miscellaneous,91.2,1.56
2007-10-01,overall,Overall CPI,93.1,1.97
2007-11-01,01,Food & Beverages,87.8,3.91
2007-11-01,02,Alcoholic Beverages & Tobacco,88.1,8.9
2007-11-01,03,Clothing & Footwear,102.9,-1.15
2007-11-01,04,"Housing, Water, Electricity, Gas & Other Fuels",96.5,1.26
2007-11-01,05,Furnishings & Household Maintenance,94.0,1.18
2007-11-01,06,Health,94.7,1.39
2007-11-01,07,Transport,100.0,1.11
2007-11-01,08,Information & Communication,101.1,-0.88
2007-11-01,09,"Recreation, Sport & Culture",96.3,2.45
2007-11-01,10,Education,94.0,1.4
2007-11-01,11,Restaurant & Accommodation Services,91.8,5.64
2007-11-01,13,Personal Care & Miscellaneous,92.0,2.11
2007-11-01,overall,Overall CPI,93.7,2.29
2007-12-01,01,Food & Beverages,88.5,4.12
2007-12-01,02,Alcoholic Beverages & Tobacco,88.1,8.77
2007-12-01,03,Clothing & Footwear,102.0,-0.68
2007-12-01,04,"Housing, Water, Electricity, Gas & Other Fuels",96.5,1.15
2007-12-01,05,Furnishings & Household Maintenance,94.0,1.18
2007-12-01,06,Health,94.9,1.5
2007-12-01,07,Transport,100.1,1.21
2007-12-01,08,Information & Communication,101.0,-0.88
2007-12-01,09,"Recreation, Sport & Culture",96.3,2.56
2007-12-01,10,Education,94.1,1.07
2007-12-01,11,Restaurant & Accommodation Services,92.3,5.97
2007-12-01,13,Personal Care & Miscellaneous,92.0,2.0
2007-12-01,overall,Overall CPI,93.9,2.29
2008-01-01,01,Food & Beverages,89.1,3.85
2008-01-01,02,Alcoholic Beverages & Tobacco,88.2,9.02
2008-01-01,03,Clothing & Footwear,102.4,-1.44
2008-01-01,04,"Housing, Water, Electricity, Gas & Other Fuels",96.5,1.15
2008-01-01,05,Furnishings & Household Maintenance,94.3,1.18
2008-01-01,06,Health,95.3,1.82
2008-01-01,07,Transport,100.4,0.9
2008-01-01,08,Information & Communication,100.9,-0.88
2008-01-01,09,"Recreation, Sport & Culture",96.4,2.55
2008-01-01,10,Education,95.0,1.5
2008-01-01,11,Restaurant & Accommodation Services,93.2,6.64
2008-01-01,13,Personal Care & Miscellaneous,92.8,3.0
2008-01-01,overall,Overall CPI,94.3,2.28
2008-02-01,01,Food & Beverages,89.6,4.55
2008-02-01,02,Alcoholic Beverages & Tobacco,88.2,9.02
2008-02-01,03,Clothing & Footwear,102.9,0.19
2008-02-01,04,"Housing, Water, Electricity, Gas & Other Fuels",97.0,1.36
2008-02-01,05,Furnishings & Household Maintenance,94.6,1.61
2008-02-01,06,Health,95.4,1.81
2008-02-01,07,Transport,100.4,0.9
2008-02-01,08,Information & Communication,100.9,-0.79
2008-02-01,09,"Recreation, Sport & Culture",96.5,2.55
2008-02-01,10,Education,95.7,2.13
2008-02-01,11,Restaurant & Accommodation Services,93.7,7.33
2008-02-01,13,Personal Care & Miscellaneous,93.3,3.32
2008-02-01,overall,Overall CPI,94.6,2.6
2008-03-01,01,Food & Beverages,89.5,4.92
2008-03-01,02,Alcoholic Beverages & Tobacco,88.2,9.02
2008-03-01,03,Clothing & Footwear,102.1,-0.97
2008-03-01,04,"Housing, Water, Electricity, Gas & Other Fuels",97.0,1.36
2008-03-01,05,Furnishings & Household Maintenance,94.8,1.5
2008-03-01,06,Health,95.5,1.92
2008-03-01,07,Transport,100.4,0.8
2008-03-01,08,Information & Communication,100.9,-0.69
2008-03-01,09,"Recreation, Sport & Culture",96.5,2.77
2008-03-01,10,Education,95.8,2.13
2008-03-01,11,Restaurant & Accommodation Services,93.9,7.07
2008-03-01,13,Personal Care & Miscellaneous,93.7,3.77
2008-03-01,overall,Overall CPI,94.6,2.71
2008-04-01,01,Food & Beverages,90.1,5.63
2008-04-01,02,Alcoholic Beverages & Tobacco,88.2,9.02
2008-04-01,03,Clothing & Footwear,102.7,-0.48
2008-04-01,04,"Housing, Water, Electricity, Gas & Other Fuels",97.0,1.36
2008-04-01,05,Furnishings & Household Maintenance,95.1,1.82
2008-04-01,06,Health,95.7,1.92
2008-04-01,07,Transport,100.4,0.8
2008-04-01,08,Information & Communication,100.8,-0.69
2008-04-01,09,"Recreation, Sport & Culture",96.5,2.77
2008-04-01,10,Education,95.9,2.24
2008-04-01,11,Restaurant & Accommodation Services,94.3,7.28
2008-04-01,13,Personal Care & Miscellaneous,93.5,3.31
2008-04-01,overall,Overall CPI,94.9,3.04
2008-05-01,01,Food & Beverages,92.2,8.09
2008-05-01,02,Alcoholic Beverages & Tobacco,88.3,9.15
2008-05-01,03,Clothing & Footwear,102.6,-0.68
2008-05-01,04,"Housing, Water, Electricity, Gas & Other Fuels",97.4,1.46
2008-05-01,05,Furnishings & Household Maintenance,95.2,1.93
2008-05-01,06,Health,95.9,2.02
2008-05-01,07,Transport,100.5,0.9
2008-05-01,08,Information & Communication,100.7,-0.69
2008-05-01,09,"Recreation, Sport & Culture",96.5,2.77
2008-05-01,10,Education,95.9,2.24
2008-05-01,11,Restaurant & Accommodation Services,94.5,7.02
2008-05-01,13,Personal Care & Miscellaneous,93.4,3.09
2008-05-01,overall,Overall CPI,95.7,3.8
2008-06-01,01,Food & Beverages,94.1,10.06
2008-06-01,02,Alcoholic Beverages & Tobacco,88.4,9.27
2008-06-01,03,Clothing & Footwear,102.7,-0.58
2008-06-01,04,"Housing, Water, Electricity, Gas & Other Fuels",97.0,1.04
2008-06-01,05,Furnishings & Household Maintenance,96.0,2.67
2008-06-01,06,Health,96.1,2.13
2008-06-01,07,Transport,119.4,19.64
2008-06-01,08,Information & Communication,100.7,-0.49
2008-06-01,09,"Recreation, Sport & Culture",96.6,0.73
2008-06-01,10,Education,96.1,2.34
2008-06-01,11,Restaurant & Accommodation Services,95.2,6.73
2008-06-01,13,Personal Care & Miscellaneous,93.8,3.65
2008-06-01,overall,Overall CPI,99.5,7.68
2008-07-01,01,Food & Beverages,95.5,11.31
2008-07-01,02,Alcoholic Beverages & Tobacco,88.5,0.57
2008-07-01,03,Clothing & Footwear,102.3,-0.39
2008-07-01,04,"Housing, Water, Electricity, Gas & Other Fuels",97.7,1.77
2008-07-01,05,Furnishings & Household Maintenance,97.0,3.52
2008-07-01,06,Health,96.4,2.34
2008-07-01,07,Transport,122.5,22.75
2008-07-01,08,Information & Communication,100.6,-0.59
2008-07-01,09,"Recreation, Sport & Culture",96.9,0.83
2008-07-01,10,Education,96.2,2.45
2008-07-01,11,Restaurant & Accommodation Services,95.8,6.56
2008-07-01,13,Personal Care & Miscellaneous,94.4,4.19
2008-07-01,overall,Overall CPI,100.6,8.52
2008-08-01,01,Food & Beverages,96.2,11.73
2008-08-01,02,Alcoholic Beverages & Tobacco,88.5,0.45
2008-08-01,03,Clothing & Footwear,101.9,-0.39
2008-08-01,04,"Housing, Water, Electricity, Gas & Other Fuels",97.9,1.66
2008-08-01,05,Furnishings & Household Maintenance,97.4,3.95
2008-08-01,06,Health,96.5,2.44
2008-08-01,07,Transport,121.6,21.84
2008-08-01,08,Information & Communication,100.6,-0.49
2008-08-01,09,"Recreation, Sport & Culture",97.0,0.83
2008-08-01,10,Education,96.4,2.55
2008-08-01,11,Restaurant & Accommodation Services,96.3,6.64
2008-08-01,13,Personal Care & Miscellaneous,94.2,3.86
2008-08-01,overall,Overall CPI,100.8,8.5
2008-09-01,01,Food & Beverages,96.9,12.28
2008-09-01,02,Alcoholic Beverages & Tobacco,95.5,8.4
2008-09-01,03,Clothing & Footwear,101.7,-1.45
2008-09-01,04,"Housing, Water, Electricity, Gas & Other Fuels",98.0,1.77
2008-09-01,05,Furnishings & Household Maintenance,97.6,4.05
2008-09-01,06,Health,96.7,2.33
2008-09-01,07,Transport,118.0,18.12
2008-09-01,08,Information & Communication,100.6,-0.59
2008-09-01,09,"Recreation, Sport & Culture",97.2,1.04
2008-09-01,10,Education,96.5,2.66
2008-09-01,11,Restaurant & Accommodation Services,96.4,6.28
2008-09-01,13,Personal Care & Miscellaneous,93.9,3.19
2008-09-01,overall,Overall CPI,100.6,8.17
2008-10-01,01,Food & Beverages,97.1,12.12
2008-10-01,02,Alcoholic Beverages & Tobacco,95.5,8.4
2008-10-01,03,Clothing & Footwear,102.3,0.1
2008-10-01,04,"Housing, Water, Electricity, Gas & Other Fuels",98.0,1.77
2008-10-01,05,Furnishings & Household Maintenance,98.0,4.48
2008-10-01,06,Health,97.0,2.54
2008-10-01,07,Transport,113.8,13.91
2008-10-01,08,Information & Communication,100.6,-0.49
2008-10-01,09,"Recreation, Sport & Culture",97.4,1.35
2008-10-01,10,Education,96.6,2.77
2008-10-01,11,Restaurant & Accommodation Services,96.8,6.61
2008-10-01,13,Personal Care & Miscellaneous,95.0,4.17
2008-10-01,overall,Overall CPI,100.2,7.63
2008-11-01,01,Food & Beverages,97.4,10.93
2008-11-01,02,Alcoholic Beverages & Tobacco,95.5,8.4
2008-11-01,03,Clothing & Footwear,102.3,-0.58
2008-11-01,04,"Housing, Water, Electricity, Gas & Other Fuels",98.2,1.76
2008-11-01,05,Furnishings & Household Maintenance,98.3,4.57
2008-11-01,06,Health,97.4,2.85
2008-11-01,07,Transport,106.2,6.2
2008-11-01,08,Information & Communication,100.5,-0.59
2008-11-01,09,"Recreation, Sport & Culture",97.5,1.25
2008-11-01,10,Education,96.6,2.77
2008-11-01,11,Restaurant & Accommodation Services,96.9,5.56
2008-11-01,13,Personal Care & Miscellaneous,94.2,2.39
2008-11-01,overall,Overall CPI,99.0,5.66
2008-12-01,01,Food & Beverages,97.7,10.4
2008-12-01,02,Alcoholic Beverages & Tobacco,95.5,8.4
2008-12-01,03,Clothing & Footwear,101.5,-0.49
2008-12-01,04,"Housing, Water, Electricity, Gas & Other Fuels",98.2,1.76
2008-12-01,05,Furnishings & Household Maintenance,98.4,4.68
2008-12-01,06,Health,97.4,2.63
2008-12-01,07,Transport,99.8,-0.3
2008-12-01,08,Information & Communication,100.4,-0.59
2008-12-01,09,"Recreation, Sport & Culture",97.5,1.25
2008-12-01,10,Education,96.7,2.76
2008-12-01,11,Restaurant & Accommodation Services,97.2,5.31
2008-12-01,13,Personal Care & Miscellaneous,94.4,2.61
2008-12-01,overall,Overall CPI,98.1,4.47
2009-01-01,01,Food & Beverages,97.8,9.76
2009-01-01,02,Alcoholic Beverages & Tobacco,95.5,8.28
2009-01-01,03,Clothing & Footwear,101.6,-0.78
2009-01-01,04,"Housing, Water, Electricity, Gas & Other Fuels",98.2,1.76
2009-01-01,05,Furnishings & Household Maintenance,98.9,4.88
2009-01-01,06,Health,97.7,2.52
2009-01-01,07,Transport,98.3,-2.09
2009-01-01,08,Information & Communication,100.4,-0.5
2009-01-01,09,"Recreation, Sport & Culture",97.4,1.04
2009-01-01,10,Education,97.8,2.95
2009-01-01,11,Restaurant & Accommodation Services,97.5,4.61
2009-01-01,13,Personal Care & Miscellaneous,95.2,2.59
2009-01-01,overall,Overall CPI,98.0,3.92
2009-02-01,01,Food & Beverages,97.8,9.15
2009-02-01,02,Alcoholic Beverages & Tobacco,95.5,8.28
2009-02-01,03,Clothing & Footwear,102.2,-0.68
2009-02-01,04,"Housing, Water, Electricity, Gas & Other Fuels",98.5,1.55
2009-02-01,05,Furnishings & Household Maintenance,99.1,4.76
2009-02-01,06,Health,97.9,2.62
2009-02-01,07,Transport,98.3,-2.09
2009-02-01,08,Information & Communication,100.4,-0.5
2009-02-01,09,"Recreation, Sport & Culture",97.5,1.04
2009-02-01,10,Education,98.1,2.51
2009-02-01,11,Restaurant & Accommodation Services,97.7,4.27
2009-02-01,13,Personal Care & Miscellaneous,96.8,3.75
2009-02-01,overall,Overall CPI,98.2,3.81
2009-03-01,01,Food & Beverages,97.3,8.72
2009-03-01,02,Alcoholic Beverages & Tobacco,95.5,8.28
2009-03-01,03,Clothing & Footwear,101.5,-0.59
2009-03-01,04,"Housing, Water, Electricity, Gas & Other Fuels",98.4,1.44
2009-03-01,05,Furnishings & Household Maintenance,99.1,4.54
2009-03-01,06,Health,97.9,2.51
2009-03-01,07,Transport,98.3,-2.09
2009-03-01,08,Information & Communication,100.3,-0.59
2009-03-01,09,"Recreation, Sport & Culture",97.4,0.93
2009-03-01,10,Education,98.2,2.51
2009-03-01,11,Restaurant & Accommodation Services,97.8,4.15
2009-03-01,13,Personal Care & Miscellaneous,97.0,3.52
2009-03-01,overall,Overall CPI,98.0,3.59
2009-04-01,01,Food & Beverages,96.9,7.55
2009-04-01,02,Alcoholic Beverages & Tobacco,95.5,8.28
2009-04-01,03,Clothing & Footwear,102.1,-0.58
2009-04-01,04,"Housing, Water, Electricity, Gas & Other Fuels",98.4,1.44
2009-04-01,05,Furnishings & Household Maintenance,99.3,4.42
2009-04-01,06,Health,98.0,2.4
2009-04-01,07,Transport,98.2,-2.19
2009-04-01,08,Information & Communication,100.3,-0.5
2009-04-01,09,"Recreation, Sport & Culture",97.4,0.93
2009-04-01,10,Education,98.3,2.5
2009-04-01,11,Restaurant & Accommodation Services,97.9,3.82
2009-04-01,13,Personal Care & Miscellaneous,96.8,3.53
2009-04-01,overall,Overall CPI,97.8,3.06
2009-05-01,01,Food & Beverages,97.0,5.21
2009-05-01,02,Alcoholic Beverages & Tobacco,95.5,8.15
2009-05-01,03,Clothing & Footwear,101.9,-0.68
2009-05-01,04,"Housing, Water, Electricity, Gas & Other Fuels",99.0,1.64
2009-05-01,05,Furnishings & Household Maintenance,99.3,4.31
2009-05-01,06,Health,98.3,2.5
2009-05-01,07,Transport,98.0,-2.49
2009-05-01,08,Information & Communication,100.3,-0.4
2009-05-01,09,"Recreation, Sport & Culture",97.5,1.04
2009-05-01,10,Education,98.3,2.5
2009-05-01,11,Restaurant & Accommodation Services,98.0,3.7
2009-05-01,13,Personal Care & Miscellaneous,96.7,3.53
2009-05-01,overall,Overall CPI,98.0,2.4
2009-06-01,01,Food & Beverages,97.2,3.29
2009-06-01,02,Alcoholic Beverages & Tobacco,95.6,8.14
2009-06-01,03,Clothing & Footwear,101.6,-1.07
2009-06-01,04,"Housing, Water, Electricity, Gas & Other Fuels",99.0,2.06
2009-06-01,05,Furnishings & Household Maintenance,99.4,3.54
2009-06-01,06,Health,98.5,2.5
2009-06-01,07,Transport,98.0,-17.92
2009-06-01,08,Information & Communication,100.2,-0.5
2009-06-01,09,"Recreation, Sport & Culture",97.6,1.04
2009-06-01,10,Education,98.3,2.29
2009-06-01,11,Restaurant & Accommodation Services,98.2,3.15
2009-06-01,13,Personal Care & Miscellaneous,97.2,3.62
2009-06-01,overall,Overall CPI,98.1,-1.41
2009-07-01,01,Food & Beverages,97.4,1.99
2009-07-01,02,Alcoholic Beverages & Tobacco,95.6,8.02
2009-07-01,03,Clothing & Footwear,101.4,-0.88
2009-07-01,04,"Housing, Water, Electricity, Gas & Other Fuels",99.0,1.33
2009-07-01,05,Furnishings & Household Maintenance,99.3,2.37
2009-07-01,06,Health,98.5,2.18
2009-07-01,07,Transport,98.1,-19.92
2009-07-01,08,Information & Communication,100.2,-0.4
2009-07-01,09,"Recreation, Sport & Culture",97.6,0.72
2009-07-01,10,Education,98.5,2.39
2009-07-01,11,Restaurant & Accommodation Services,98.2,2.51
2009-07-01,13,Personal Care & Miscellaneous,97.2,2.97
2009-07-01,overall,Overall CPI,98.2,-2.39
2009-08-01,01,Food & Beverages,97.6,1.46
2009-08-01,02,Alcoholic Beverages & Tobacco,95.6,8.02
2009-08-01,03,Clothing & Footwear,101.1,-0.79
2009-08-01,04,"Housing, Water, Electricity, Gas & Other Fuels",99.1,1.23
2009-08-01,05,Furnishings & Household Maintenance,99.4,2.05
2009-08-01,06,Health,98.6,2.18
2009-08-01,07,Transport,98.2,-19.24
2009-08-01,08,Information & Communication,100.2,-0.4
2009-08-01,09,"Recreation, Sport & Culture",99.5,2.58
2009-08-01,10,Education,98.6,2.28
2009-08-01,11,Restaurant & Accommodation Services,98.3,2.08
2009-08-01,13,Personal Care & Miscellaneous,97.3,3.29
2009-08-01,overall,Overall CPI,98.3,-2.48
2009-09-01,01,Food & Beverages,97.9,1.03
2009-09-01,02,Alcoholic Beverages & Tobacco,95.6,0.1
2009-09-01,03,Clothing & Footwear,100.7,-0.98
2009-09-01,04,"Housing, Water, Electricity, Gas & Other Fuels",99.1,1.12
2009-09-01,05,Furnishings & Household Maintenance,99.4,1.84
2009-09-01,06,Health,98.8,2.17
2009-09-01,07,Transport,98.9,-16.19
2009-09-01,08,Information & Communication,100.1,-0.5
2009-09-01,09,"Recreation, Sport & Culture",99.6,2.47
2009-09-01,10,Education,98.6,2.18
2009-09-01,11,Restaurant & Accommodation Services,98.3,1.97
2009-09-01,13,Personal Care & Miscellaneous,97.9,4.26
2009-09-01,overall,Overall CPI,98.6,-1.99
2009-10-01,01,Food & Beverages,97.9,0.82
2009-10-01,02,Alcoholic Beverages & Tobacco,98.2,2.83
2009-10-01,03,Clothing & Footwear,100.7,-1.56
2009-10-01,04,"Housing, Water, Electricity, Gas & Other Fuels",99.1,1.12
2009-10-01,05,Furnishings & Household Maintenance,99.5,1.53
2009-10-01,06,Health,98.8,1.86
2009-10-01,07,Transport,98.8,-13.18
2009-10-01,08,Information & Communication,100.1,-0.5
2009-10-01,09,"Recreation, Sport & Culture",99.7,2.36
2009-10-01,10,Education,98.6,2.07
2009-10-01,11,Restaurant & Accommodation Services,98.4,1.65
2009-10-01,13,Personal Care & Miscellaneous,98.0,3.16
2009-10-01,overall,Overall CPI,98.7,-1.5
2009-11-01,01,Food & Beverages,98.3,0.92
2009-11-01,02,Alcoholic Beverages & Tobacco,98.3,2.93
2009-11-01,03,Clothing & Footwear,101.2,-1.08
2009-11-01,04,"Housing, Water, Electricity, Gas & Other Fuels",99.3,1.12
2009-11-01,05,Furnishings & Household Maintenance,99.6,1.32
2009-11-01,06,Health,99.0,1.64
2009-11-01,07,Transport,98.9,-6.87
2009-11-01,08,Information & Communication,100.1,-0.4
2009-11-01,09,"Recreation, Sport & Culture",99.9,2.46
2009-11-01,10,Education,98.6,2.07
2009-11-01,11,Restaurant & Accommodation Services,98.6,1.75
2009-11-01,13,Personal Care & Miscellaneous,98.7,4.78
2009-11-01,overall,Overall CPI,98.9,-0.1
2009-12-01,01,Food & Beverages,98.8,1.13
2009-12-01,02,Alcoholic Beverages & Tobacco,98.3,2.93
2009-12-01,03,Clothing & Footwear,100.2,-1.28
2009-12-01,04,"Housing, Water, Electricity, Gas & Other Fuels",99.3,1.12
2009-12-01,05,Furnishings & Household Maintenance,99.5,1.12
2009-12-01,06,Health,98.9,1.54
2009-12-01,07,Transport,98.9,-0.9
2009-12-01,08,Information & Communication,100.0,-0.4
2009-12-01,09,"Recreation, Sport & Culture",99.9,2.46
2009-12-01,10,Education,98.7,2.07
2009-12-01,11,Restaurant & Accommodation Services,98.8,1.65
2009-12-01,13,Personal Care & Miscellaneous,99.3,5.19
2009-12-01,overall,Overall CPI,99.1,1.02
2010-01-01,01,Food & Beverages,99.0,1.23
2010-01-01,02,Alcoholic Beverages & Tobacco,98.3,2.93
2010-01-01,03,Clothing & Footwear,101.2,-0.39
2010-01-01,04,"Housing, Water, Electricity, Gas & Other Fuels",99.4,1.22
2010-01-01,05,Furnishings & Household Maintenance,100.0,1.11
2010-01-01,06,Health,99.4,1.74
2010-01-01,07,Transport,98.9,0.61
2010-01-01,08,Information & Communication,100.3,-0.1
2010-01-01,09,"Recreation, Sport & Culture",100.2,2.87
2010-01-01,10,Education,99.5,1.74
2010-01-01,11,Restaurant & Accommodation Services,98.7,1.23
2010-01-01,13,Personal Care & Miscellaneous,99.9,4.94
2010-01-01,overall,Overall CPI,99.4,1.43
2010-02-01,01,Food & Beverages,99.0,1.23
2010-02-01,02,Alcoholic Beverages & Tobacco,98.3,2.93
2010-02-01,03,Clothing & Footwear,100.1,-2.05
2010-02-01,04,"Housing, Water, Electricity, Gas & Other Fuels",99.6,1.12
2010-02-01,05,Furnishings & Household Maintenance,99.9,0.81
2010-02-01,06,Health,99.4,1.53
2010-02-01,07,Transport,99.0,0.71
2010-02-01,08,Information & Communication,100.3,-0.1
2010-02-01,09,"Recreation, Sport & Culture",100.2,2.77
2010-02-01,10,Education,99.6,1.53
2010-02-01,11,Restaurant & Accommodation Services,98.9,1.23
2010-02-01,13,Personal Care & Miscellaneous,99.6,2.89
2010-02-01,overall,Overall CPI,99.4,1.22
2010-03-01,01,Food & Beverages,99.0,1.75
2010-03-01,02,Alcoholic Beverages & Tobacco,98.4,3.04
2010-03-01,03,Clothing & Footwear,100.0,-1.48
2010-03-01,04,"Housing, Water, Electricity, Gas & Other Fuels",99.6,1.22
2010-03-01,05,Furnishings & Household Maintenance,100.0,0.91
2010-03-01,06,Health,99.3,1.43
2010-03-01,07,Transport,99.0,0.71
2010-03-01,08,Information & Communication,100.2,-0.1
2010-03-01,09,"Recreation, Sport & Culture",100.2,2.87
2010-03-01,10,Education,99.8,1.63
2010-03-01,11,Restaurant & Accommodation Services,99.3,1.53
2010-03-01,13,Personal Care & Miscellaneous,99.6,2.68
2010-03-01,overall,Overall CPI,99.4,1.43
2010-04-01,01,Food & Beverages,99.1,2.27
2010-04-01,02,Alcoholic Beverages & Tobacco,98.4,3.04
2010-04-01,03,Clothing & Footwear,100.5,-1.57
2010-04-01,04,"Housing, Water, Electricity, Gas & Other Fuels",99.6,1.22
2010-04-01,05,Furnishings & Household Maintenance,100.0,0.7
2010-04-01,06,Health,99.7,1.73
2010-04-01,07,Transport,99.0,0.81
2010-04-01,08,Information & Communication,99.7,-0.6
2010-04-01,09,"Recreation, Sport & Culture",100.1,2.77
2010-04-01,10,Education,99.9,1.63
2010-04-01,11,Restaurant & Accommodation Services,99.5,1.63
2010-04-01,13,Personal Care & Miscellaneous,99.5,2.79
2010-04-01,overall,Overall CPI,99.4,1.64
2010-05-01,01,Food & Beverages,99.5,2.58
2010-05-01,02,Alcoholic Beverages & Tobacco,98.4,3.04
2010-05-01,03,Clothing & Footwear,100.3,-1.57
2010-05-01,04,"Housing, Water, Electricity, Gas & Other Fuels",99.8,0.81
2010-05-01,05,Furnishings & Household Maintenance,99.1,-0.2
2010-05-01,06,Health,99.8,1.53
2010-05-01,07,Transport,99.0,1.02
2010-05-01,08,Information & Communication,99.7,-0.6
2010-05-01,09,"Recreation, Sport & Culture",100.0,2.56
2010-05-01,10,Education,99.9,1.63
2010-05-01,11,Restaurant & Accommodation Services,99.6,1.63
2010-05-01,13,Personal Care & Miscellaneous,99.7,3.1
2010-05-01,overall,Overall CPI,99.6,1.63
2010-06-01,01,Food & Beverages,100.0,2.88
2010-06-01,02,Alcoholic Beverages & Tobacco,98.5,3.03
2010-06-01,03,Clothing & Footwear,99.5,-2.07
2010-06-01,04,"Housing, Water, Electricity, Gas & Other Fuels",99.8,0.81
2010-06-01,05,Furnishings & Household Maintenance,99.9,0.5
2010-06-01,06,Health,100.0,1.52
2010-06-01,07,Transport,99.1,1.12
2010-06-01,08,Information & Communication,99.7,-0.5
2010-06-01,09,"Recreation, Sport & Culture",100.0,2.46
2010-06-01,10,Education,99.9,1.63
2010-06-01,11,Restaurant & Accommodation Services,99.8,1.63
2010-06-01,13,Personal Care & Miscellaneous,99.9,2.78
2010-06-01,overall,Overall CPI,99.7,1.63
2010-07-01,01,Food & Beverages,100.2,2.87
2010-07-01,02,Alcoholic Beverages & Tobacco,98.6,3.14
2010-07-01,03,Clothing & Footwear,100.1,-1.28
2010-07-01,04,"Housing, Water, Electricity, Gas & Other Fuels",99.9,0.91
2010-07-01,05,Furnishings & Household Maintenance,100.1,0.81
2010-07-01,06,Health,100.1,1.62
2010-07-01,07,Transport,99.9,1.83
2010-07-01,08,Information & Communication,100.1,-0.1
2010-07-01,09,"Recreation, Sport & Culture",100.1,2.56
2010-07-01,10,Education,100.1,1.62
2010-07-01,11,Restaurant & Accommodation Services,99.9,1.73
2010-07-01,13,Personal Care & Miscellaneous,100.0,2.88
2010-07-01,overall,Overall CPI,100.0,1.83
2010-08-01,01,Food & Beverages,100.5,2.97
2010-08-01,02,Alcoholic Beverages & Tobacco,98.6,3.14
2010-08-01,03,Clothing & Footwear,99.2,-1.88
2010-08-01,04,"Housing, Water, Electricity, Gas & Other Fuels",100.3,1.21
2010-08-01,05,Furnishings & Household Maintenance,100.0,0.6
2010-08-01,06,Health,100.2,1.62
2010-08-01,07,Transport,100.8,2.65
2010-08-01,08,Information & Communication,100.0,-0.2
2010-08-01,09,"Recreation, Sport & Culture",99.9,0.4
2010-08-01,10,Education,100.2,1.62
2010-08-01,11,Restaurant & Accommodation Services,100.2,1.93
2010-08-01,13,Personal Care & Miscellaneous,99.8,2.57
2010-08-01,overall,Overall CPI,100.3,2.03
2010-09-01,01,Food & Beverages,100.5,2.66
2010-09-01,02,Alcoholic Beverages & Tobacco,98.7,3.24
2010-09-01,03,Clothing & Footwear,100.4,-0.3
2010-09-01,04,"Housing, Water, Electricity, Gas & Other Fuels",100.3,1.21
2010-09-01,05,Furnishings & Household Maintenance,100.1,0.7
2010-09-01,06,Health,100.4,1.62
2010-09-01,07,Transport,100.8,1.92
2010-09-01,08,Information & Communication,100.1,0.0
2010-09-01,09,"Recreation, Sport & Culture",99.9,0.3
2010-09-01,10,Education,100.2,1.62
2010-09-01,11,Restaurant & Accommodation Services,100.5,2.24
2010-09-01,13,Personal Care & Miscellaneous,100.2,2.35
2010-09-01,overall,Overall CPI,100.4,1.83
2010-10-01,01,Food & Beverages,100.6,2.76
2010-10-01,02,Alcoholic Beverages & Tobacco,104.6,6.52
2010-10-01,03,Clothing & Footwear,100.2,-0.5
2010-10-01,04,"Housing, Water, Electricity, Gas & Other Fuels",100.3,1.21
2010-10-01,05,Furnishings & Household Maintenance,100.1,0.6
2010-10-01,06,Health,100.5,1.72
2010-10-01,07,Transport,100.8,2.02
2010-10-01,08,Information & Communication,100.0,-0.1
2010-10-01,09,"Recreation, Sport & Culture",99.8,0.1
2010-10-01,10,Education,100.2,1.62
2010-10-01,11,Restaurant & Accommodation Services,100.9,2.54
2010-10-01,13,Personal Care & Miscellaneous,100.5,2.55
2010-10-01,overall,Overall CPI,100.6,1.93
2010-11-01,01,Food & Beverages,101.1,2.85
2010-11-01,02,Alcoholic Beverages & Tobacco,104.6,6.41
2010-11-01,03,Clothing & Footwear,99.8,-1.38
2010-11-01,04,"Housing, Water, Electricity, Gas & Other Fuels",100.7,1.41
2010-11-01,05,Furnishings & Household Maintenance,100.1,0.5
2010-11-01,06,Health,100.6,1.62
2010-11-01,07,Transport,101.0,2.12
2010-11-01,08,Information & Communication,100.0,-0.1
2010-11-01,09,"Recreation, Sport & Culture",99.7,-0.2
2010-11-01,10,Education,100.3,1.72
2010-11-01,11,Restaurant & Accommodation Services,101.1,2.54
2010-11-01,13,Personal Care & Miscellaneous,100.7,2.03
2010-11-01,overall,Overall CPI,100.8,1.92
2010-12-01,01,Food & Beverages,101.4,2.63
2010-12-01,02,Alcoholic Beverages & Tobacco,104.6,6.41
2010-12-01,03,Clothing & Footwear,98.8,-1.4
2010-12-01,04,"Housing, Water, Electricity, Gas & Other Fuels",100.8,1.51
2010-12-01,05,Furnishings & Household Maintenance,100.0,0.5
2010-12-01,06,Health,100.8,1.92
2010-12-01,07,Transport,102.9,4.04
2010-12-01,08,Information & Communication,100.0,0.0
2010-12-01,09,"Recreation, Sport & Culture",99.7,-0.2
2010-12-01,10,Education,100.4,1.72
2010-12-01,11,Restaurant & Accommodation Services,101.6,2.83
2010-12-01,13,Personal Care & Miscellaneous,100.8,1.51
2010-12-01,overall,Overall CPI,101.2,2.12
2011-01-01,01,Food & Beverages,102.6,3.64
2011-01-01,02,Alcoholic Beverages & Tobacco,104.6,6.41
2011-01-01,03,Clothing & Footwear,99.9,-1.28
2011-01-01,04,"Housing, Water, Electricity, Gas & Other Fuels",100.8,1.41
2011-01-01,05,Furnishings & Household Maintenance,101.0,1.0
2011-01-01,06,Health,101.5,2.11
2011-01-01,07,Transport,103.2,4.35
2011-01-01,08,Information & Communication,100.0,-0.3
2011-01-01,09,"Recreation, Sport & Culture",99.7,-0.5
2011-01-01,10,Education,101.0,1.51
2011-01-01,11,Restaurant & Accommodation Services,103.2,4.56
2011-01-01,12,Insurance & Financial Services,100.1,0.2
2011-01-01,13,Personal Care & Miscellaneous,101.1,1.2
2011-01-01,overall,Overall CPI,101.8,2.41
2011-02-01,01,Food & Beverages,103.7,4.75
2011-02-01,02,Alcoholic Beverages & Tobacco,104.6,6.41
2011-02-01,03,Clothing & Footwear,100.1,0.0
2011-02-01,04,"Housing, Water, Electricity, Gas & Other Fuels",101.1,1.51
2011-02-01,05,Furnishings & Household Maintenance,101.1,1.2
2011-02-01,06,Health,102.1,2.72
2011-02-01,07,Transport,103.5,4.55
2011-02-01,08,Information & Communication,100.0,-0.3
2011-02-01,09,"Recreation, Sport & Culture",100.5,0.3
2011-02-01,10,Education,101.6,2.01
2011-02-01,11,Restaurant & Accommodation Services,104.2,5.36
2011-02-01,12,Insurance & Financial Services,100.1,0.2
2011-02-01,13,Personal Care & Miscellaneous,101.0,1.41
2011-02-01,overall,Overall CPI,102.3,2.92
2011-03-01,01,Food & Beverages,103.7,4.75
2011-03-01,02,Alcoholic Beverages & Tobacco,104.6,6.3
2011-03-01,03,Clothing & Footwear,99.8,-0.2
2011-03-01,04,"Housing, Water, Electricity, Gas & Other Fuels",101.2,1.61
2011-03-01,05,Furnishings & Household Maintenance,101.1,1.1
2011-03-01,06,Health,102.0,2.72
2011-03-01,07,Transport,103.6,4.65
2011-03-01,08,Information & Communication,100.0,-0.2
2011-03-01,09,"Recreation, Sport & Culture",100.4,0.2
2011-03-01,10,Education,101.9,2.1
2011-03-01,11,Restaurant & Accommodation Services,104.7,5.44
2011-03-01,12,Insurance & Financial Services,100.1,0.1
2011-03-01,13,Personal Care & Miscellaneous,101.2,1.61
2011-03-01,overall,Overall CPI,102.4,3.02
2011-04-01,01,Food & Beverages,104.0,4.94
2011-04-01,02,Alcoholic Beverages & Tobacco,104.6,6.3
2011-04-01,03,Clothing & Footwear,99.8,-0.7
2011-04-01,04,"Housing, Water, Electricity, Gas & Other Fuels",101.2,1.61
2011-04-01,05,Furnishings & Household Maintenance,101.2,1.2
2011-04-01,06,Health,102.2,2.51
2011-04-01,07,Transport,104.2,5.25
2011-04-01,08,Information & Communication,99.9,0.2
2011-04-01,09,"Recreation, Sport & Culture",101.9,1.8
2011-04-01,10,Education,102.1,2.2
2011-04-01,11,Restaurant & Accommodation Services,105.1,5.63
2011-04-01,12,Insurance & Financial Services,100.1,0.1
2011-04-01,13,Personal Care & Miscellaneous,101.3,1.81
2011-04-01,overall,Overall CPI,102.6,3.22
2011-05-01,01,Food & Beverages,104.0,4.52
2011-05-01,02,Alcoholic Beverages & Tobacco,104.6,6.3
2011-05-01,03,Clothing & Footwear,99.8,-0.5
2011-05-01,04,"Housing, Water, Electricity, Gas & Other Fuels",101.6,1.8
2011-05-01,05,Furnishings & Household Maintenance,101.4,2.32
2011-05-01,06,Health,102.4,2.61
2011-05-01,07,Transport,104.9,5.96
2011-05-01,08,Information & Communication,99.8,0.1
2011-05-01,09,"Recreation, Sport & Culture",101.9,1.9
2011-05-01,10,Education,102.1,2.2
2011-05-01,11,Restaurant & Accommodation Services,105.6,6.02
2011-05-01,12,Insurance & Financial Services,100.2,0.2
2011-05-01,13,Personal Care & Miscellaneous,101.7,2.01
2011-05-01,overall,Overall CPI,102.9,3.31
2011-06-01,01,Food & Beverages,104.7,4.7
2011-06-01,02,Alcoholic Beverages & Tobacco,104.7,6.29
2011-06-01,03,Clothing & Footwear,99.8,0.3
2011-06-01,04,"Housing, Water, Electricity, Gas & Other Fuels",101.7,1.9
2011-06-01,05,Furnishings & Household Maintenance,101.6,1.7
2011-06-01,06,Health,102.5,2.5
2011-06-01,07,Transport,104.8,5.75
2011-06-01,08,Information & Communication,99.7,0.0
2011-06-01,09,"Recreation, Sport & Culture",101.9,1.9
2011-06-01,10,Education,102.2,2.3
2011-06-01,11,Restaurant & Accommodation Services,105.9,6.11
2011-06-01,12,Insurance & Financial Services,100.2,0.2
2011-06-01,13,Personal Care & Miscellaneous,101.9,2.0
2011-06-01,overall,Overall CPI,103.2,3.51
2011-07-01,01,Food & Beverages,105.1,4.89
2011-07-01,02,Alcoholic Beverages & Tobacco,104.6,6.09
2011-07-01,03,Clothing & Footwear,99.6,-0.5
2011-07-01,04,"Housing, Water, Electricity, Gas & Other Fuels",101.8,1.9
2011-07-01,05,Furnishings & Household Maintenance,102.1,2.0
2011-07-01,06,Health,102.8,2.7
2011-07-01,07,Transport,104.7,4.8
2011-07-01,08,Information & Communication,99.7,-0.4
2011-07-01,09,"Recreation, Sport & Culture",102.3,2.2
2011-07-01,10,Education,102.3,2.2
2011-07-01,11,Restaurant & Accommodation Services,106.4,6.51
2011-07-01,12,Insurance & Financial Services,100.3,0.3
2011-07-01,13,Personal Care & Miscellaneous,102.4,2.4
2011-07-01,overall,Overall CPI,103.4,3.4
2011-08-01,01,Food & Beverages,105.1,4.58
2011-08-01,02,Alcoholic Beverages & Tobacco,104.6,6.09
2011-08-01,03,Clothing & Footwear,99.3,0.1
2011-08-01,04,"Housing, Water, Electricity, Gas & Other Fuels",102.3,1.99
2011-08-01,05,Furnishings & Household Maintenance,102.1,2.1
2011-08-01,06,Health,103.1,2.89
2011-08-01,07,Transport,104.8,3.97
2011-08-01,08,Information & Communication,99.6,-0.4
2011-08-01,09,"Recreation, Sport & Culture",102.9,3.0
2011-08-01,10,Education,102.4,2.2
2011-08-01,11,Restaurant & Accommodation Services,106.5,6.29
2011-08-01,12,Insurance & Financial Services,100.2,0.2
2011-08-01,13,Personal Care & Miscellaneous,103.2,3.41
2011-08-01,overall,Overall CPI,103.6,3.29
2011-09-01,01,Food & Beverages,105.5,4.98
2011-09-01,02,Alcoholic Beverages & Tobacco,104.6,5.98
2011-09-01,03,Clothing & Footwear,99.8,-0.6
2011-09-01,04,"Housing, Water, Electricity, Gas & Other Fuels",102.3,1.99
2011-09-01,05,Furnishings & Household Maintenance,102.3,2.2
2011-09-01,06,Health,103.4,2.99
2011-09-01,07,Transport,104.7,3.87
2011-09-01,08,Information & Communication,99.6,-0.5
2011-09-01,09,"Recreation, Sport & Culture",102.9,3.0
2011-09-01,10,Education,102.4,2.2
2011-09-01,11,Restaurant & Accommodation Services,106.8,6.27
2011-09-01,12,Insurance & Financial Services,100.2,0.2
2011-09-01,13,Personal Care & Miscellaneous,103.9,3.69
2011-09-01,overall,Overall CPI,103.9,3.49
2011-10-01,01,Food & Beverages,106.3,5.67
2011-10-01,02,Alcoholic Beverages & Tobacco,104.6,0.0
2011-10-01,03,Clothing & Footwear,99.7,-0.5
2011-10-01,04,"Housing, Water, Electricity, Gas & Other Fuels",102.3,1.99
2011-10-01,05,Furnishings & Household Maintenance,102.3,2.2
2011-10-01,06,Health,103.6,3.08
2011-10-01,07,Transport,104.8,3.97
2011-10-01,08,Information & Communication,99.5,-0.5
2011-10-01,09,"Recreation, Sport & Culture",103.0,3.21
2011-10-01,10,Education,102.5,2.3
2011-10-01,11,Restaurant & Accommodation Services,107.1,6.14
2011-10-01,12,Insurance & Financial Services,100.2,0.2
2011-10-01,13,Personal Care & Miscellaneous,103.5,2.99
2011-10-01,overall,Overall CPI,104.0,3.38
2011-11-01,01,Food & Beverages,106.3,5.14
2011-11-01,02,Alcoholic Beverages & Tobacco,104.6,0.0
2011-11-01,03,Clothing & Footwear,99.9,0.1
2011-11-01,04,"Housing, Water, Electricity, Gas & Other Fuels",102.5,1.79
2011-11-01,05,Furnishings & Household Maintenance,102.4,2.3
2011-11-01,06,Health,103.6,2.98
2011-11-01,07,Transport,104.9,3.86
2011-11-01,08,Information & Communication,99.5,-0.5
2011-11-01,09,"Recreation, Sport & Culture",103.1,3.41
2011-11-01,10,Education,103.1,2.79
2011-11-01,11,Restaurant & Accommodation Services,107.4,6.23
2011-11-01,12,Insurance & Financial Services,100.0,0.0
2011-11-01,13,Personal Care & Miscellaneous,103.9,3.18
2011-11-01,overall,Overall CPI,104.1,3.27
2011-12-01,01,Food & Beverages,106.6,5.13
2011-12-01,02,Alcoholic Beverages & Tobacco,104.6,0.0
2011-12-01,03,Clothing & Footwear,99.6,0.81
2011-12-01,04,"Housing, Water, Electricity, Gas & Other Fuels",102.5,1.69
2011-12-01,05,Furnishings & Household Maintenance,102.5,2.5
2011-12-01,06,Health,103.6,2.78
2011-12-01,07,Transport,104.9,1.94
2011-12-01,08,Information & Communication,99.4,-0.6
2011-12-01,09,"Recreation, Sport & Culture",103.1,3.41
2011-12-01,10,Education,103.2,2.79
2011-12-01,11,Restaurant & Accommodation Services,107.5,5.81
2011-12-01,12,Insurance & Financial Services,100.0,0.0
2011-12-01,13,Personal Care & Miscellaneous,103.9,3.08
2011-12-01,overall,Overall CPI,104.2,2.96
2012-01-01,01,Food & Beverages,107.5,4.78
2012-01-01,02,Alcoholic Beverages & Tobacco,104.6,0.0
2012-01-01,03,Clothing & Footwear,99.4,-0.5
2012-01-01,04,"Housing, Water, Electricity, Gas & Other Fuels",102.6,1.79
2012-01-01,05,Furnishings & Household Maintenance,102.9,1.88
2012-01-01,06,Health,103.9,2.36
2012-01-01,07,Transport,104.9,1.65
2012-01-01,08,Information & Communication,99.4,-0.6
2012-01-01,09,"Recreation, Sport & Culture",103.2,3.51
2012-01-01,10,Education,104.1,3.07
2012-01-01,11,Restaurant & Accommodation Services,107.8,4.46
2012-01-01,12,Insurance & Financial Services,100.3,0.2
2012-01-01,13,Personal Care & Miscellaneous,103.8,2.67
2012-01-01,overall,Overall CPI,104.5,2.65
2012-02-01,01,Food & Beverages,106.7,2.89
2012-02-01,02,Alcoholic Beverages & Tobacco,104.6,0.0
2012-02-01,03,Clothing & Footwear,99.8,-0.3
2012-02-01,04,"Housing, Water, Electricity, Gas & Other Fuels",103.0,1.88
2012-02-01,05,Furnishings & Household Maintenance,103.3,2.18
2012-02-01,06,Health,104.1,1.96
2012-02-01,07,Transport,104.9,1.35
2012-02-01,08,Information & Communication,99.4,-0.6
2012-02-01,09,"Recreation, Sport & Culture",103.4,2.89
2012-02-01,10,Education,104.5,2.85
2012-02-01,11,Restaurant & Accommodation Services,108.1,3.74
2012-02-01,12,Insurance & Financial Services,101.0,0.9
2012-02-01,13,Personal Care & Miscellaneous,104.2,3.17
2012-02-01,overall,Overall CPI,104.5,2.15
2012-03-01,01,Food & Beverages,106.7,2.89
2012-03-01,02,Alcoholic Beverages & Tobacco,104.6,0.0
2012-03-01,03,Clothing & Footwear,99.4,-0.4
2012-03-01,04,"Housing, Water, Electricity, Gas & Other Fuels",103.0,1.78
2012-03-01,05,Furnishings & Household Maintenance,103.5,2.37
2012-03-01,06,Health,104.2,2.16
2012-03-01,07,Transport,104.9,1.25
2012-03-01,08,Information & Communication,99.3,-0.7
2012-03-01,09,"Recreation, Sport & Culture",103.2,2.79
2012-03-01,10,Education,104.6,2.65
2012-03-01,11,Restaurant & Accommodation Services,108.4,3.53
2012-03-01,12,Insurance & Financial Services,101.3,1.2
2012-03-01,13,Personal Care & Miscellaneous,104.1,2.87
2012-03-01,overall,Overall CPI,104.5,2.05
2012-04-01,01,Food & Beverages,106.4,2.31
2012-04-01,02,Alcoholic Beverages & Tobacco,104.6,0.0
2012-04-01,03,Clothing & Footwear,99.5,-0.3
2012-04-01,04,"Housing, Water, Electricity, Gas & Other Fuels",103.0,1.78
2012-04-01,05,Furnishings & Household Maintenance,103.6,2.37
2012-04-01,06,Health,104.4,2.15
2012-04-01,07,Transport,105.2,0.96
2012-04-01,08,Information & Communication,99.2,-0.7
2012-04-01,09,"Recreation, Sport & Culture",103.2,1.28
2012-04-01,10,Education,104.8,2.64
2012-04-01,11,Restaurant & Accommodation Services,108.6,3.33
2012-04-01,12,Insurance & Financial Services,101.3,1.2
2012-04-01,13,Personal Care & Miscellaneous,103.9,2.57
2012-04-01,overall,Overall CPI,104.5,1.85
2012-05-01,01,Food & Beverages,107.1,2.98
2012-05-01,02,Alcoholic Beverages & Tobacco,104.7,0.1
2012-05-01,03,Clothing & Footwear,99.5,-0.3
2012-05-01,04,"Housing, Water, Electricity, Gas & Other Fuels",103.2,1.57
2012-05-01,05,Furnishings & Household Maintenance,103.7,2.27
2012-05-01,06,Health,104.5,2.05
2012-05-01,07,Transport,105.3,0.38
2012-05-01,08,Information & Communication,99.2,-0.6
2012-05-01,09,"Recreation, Sport & Culture",103.2,1.28
2012-05-01,10,Education,104.8,2.64
2012-05-01,11,Restaurant & Accommodation Services,108.8,3.03
2012-05-01,12,Insurance & Financial Services,101.2,1.0
2012-05-01,13,Personal Care & Miscellaneous,103.9,2.16
2012-05-01,overall,Overall CPI,104.7,1.75
2012-06-01,01,Food & Beverages,107.7,2.87
2012-06-01,02,Alcoholic Beverages & Tobacco,104.7,0.0
2012-06-01,03,Clothing & Footwear,99.2,-0.6
2012-06-01,04,"Housing, Water, Electricity, Gas & Other Fuels",103.2,1.47
2012-06-01,05,Furnishings & Household Maintenance,103.8,2.17
2012-06-01,06,Health,104.6,2.05
2012-06-01,07,Transport,105.0,0.19
2012-06-01,08,Information & Communication,99.1,-0.6
2012-06-01,09,"Recreation, Sport & Culture",103.2,1.28
2012-06-01,10,Education,104.7,2.45
2012-06-01,11,Restaurant & Accommodation Services,109.0,2.93
2012-06-01,12,Insurance & Financial Services,101.2,1.0
2012-06-01,13,Personal Care & Miscellaneous,104.1,2.16
2012-06-01,overall,Overall CPI,104.8,1.55
2012-07-01,01,Food & Beverages,107.8,2.57
2012-07-01,02,Alcoholic Beverages & Tobacco,104.7,0.1
2012-07-01,03,Clothing & Footwear,99.1,-0.5
2012-07-01,04,"Housing, Water, Electricity, Gas & Other Fuels",103.3,1.47
2012-07-01,05,Furnishings & Household Maintenance,103.8,1.67
2012-07-01,06,Health,104.8,1.95
2012-07-01,07,Transport,104.5,-0.19
2012-07-01,08,Information & Communication,99.1,-0.6
2012-07-01,09,"Recreation, Sport & Culture",103.3,0.98
2012-07-01,10,Education,104.7,2.35
2012-07-01,11,Restaurant & Accommodation Services,109.2,2.63
2012-07-01,12,Insurance & Financial Services,101.2,0.9
2012-07-01,13,Personal Care & Miscellaneous,104.5,2.05
2012-07-01,overall,Overall CPI,104.8,1.35
2012-08-01,01,Food & Beverages,108.0,2.76
2012-08-01,02,Alcoholic Beverages & Tobacco,104.8,0.19
2012-08-01,03,Clothing & Footwear,98.7,-0.6
2012-08-01,04,"Housing, Water, Electricity, Gas & Other Fuels",103.8,1.47
2012-08-01,05,Furnishings & Household Maintenance,104.0,1.86
2012-08-01,06,Health,104.9,1.75
2012-08-01,07,Transport,104.8,0.0
2012-08-01,08,Information & Communication,99.0,-0.6
2012-08-01,09,"Recreation, Sport & Culture",103.2,0.29
2012-08-01,10,Education,104.7,2.25
2012-08-01,11,Restaurant & Accommodation Services,109.2,2.54
2012-08-01,12,Insurance & Financial Services,101.6,1.4
2012-08-01,13,Personal Care & Miscellaneous,104.4,1.16
2012-08-01,overall,Overall CPI,105.0,1.35
2012-09-01,01,Food & Beverages,108.0,2.37
2012-09-01,02,Alcoholic Beverages & Tobacco,104.9,0.29
2012-09-01,03,Clothing & Footwear,99.1,-0.7
2012-09-01,04,"Housing, Water, Electricity, Gas & Other Fuels",103.8,1.47
2012-09-01,05,Furnishings & Household Maintenance,104.3,1.96
2012-09-01,06,Health,105.4,1.93
2012-09-01,07,Transport,105.6,0.86
2012-09-01,08,Information & Communication,98.9,-0.7
2012-09-01,09,"Recreation, Sport & Culture",103.1,0.19
2012-09-01,10,Education,104.8,2.34
2012-09-01,11,Restaurant & Accommodation Services,109.5,2.53
2012-09-01,12,Insurance & Financial Services,101.7,1.5
2012-09-01,13,Personal Care & Miscellaneous,104.9,0.96
2012-09-01,overall,Overall CPI,105.2,1.25
2012-10-01,01,Food & Beverages,108.4,1.98
2012-10-01,02,Alcoholic Beverages & Tobacco,104.9,0.29
2012-10-01,03,Clothing & Footwear,99.0,-0.7
2012-10-01,04,"Housing, Water, Electricity, Gas & Other Fuels",103.8,1.47
2012-10-01,05,Furnishings & Household Maintenance,104.2,1.86
2012-10-01,06,Health,105.5,1.83
2012-10-01,07,Transport,105.6,0.76
2012-10-01,08,Information & Communication,98.8,-0.7
2012-10-01,09,"Recreation, Sport & Culture",103.1,0.1
2012-10-01,10,Education,104.8,2.24
2012-10-01,11,Restaurant & Accommodation Services,109.7,2.43
2012-10-01,12,Insurance & Financial Services,102.0,1.8
2012-10-01,13,Personal Care & Miscellaneous,105.0,1.45
2012-10-01,overall,Overall CPI,105.4,1.35
2012-11-01,01,Food & Beverages,108.4,1.98
2012-11-01,02,Alcoholic Beverages & Tobacco,106.6,1.91
2012-11-01,03,Clothing & Footwear,99.0,-0.9
2012-11-01,04,"Housing, Water, Electricity, Gas & Other Fuels",104.0,1.46
2012-11-01,05,Furnishings & Household Maintenance,104.2,1.76
2012-11-01,06,Health,105.7,2.03
2012-11-01,07,Transport,105.7,0.76
2012-11-01,08,Information & Communication,98.8,-0.7
2012-11-01,09,"Recreation, Sport & Culture",103.0,-0.1
2012-11-01,10,Education,104.8,1.65
2012-11-01,11,Restaurant & Accommodation Services,109.9,2.33
2012-11-01,12,Insurance & Financial Services,102.0,2.0
2012-11-01,13,Personal Care & Miscellaneous,105.1,1.15
2012-11-01,overall,Overall CPI,105.5,1.34
2012-12-01,01,Food & Beverages,108.7,1.97
2012-12-01,02,Alcoholic Beverages & Tobacco,106.6,1.91
2012-12-01,03,Clothing & Footwear,98.6,-1.0
2012-12-01,04,"Housing, Water, Electricity, Gas & Other Fuels",104.0,1.46
2012-12-01,05,Furnishings & Household Maintenance,104.1,1.56
2012-12-01,06,Health,105.8,2.12
2012-12-01,07,Transport,105.3,0.38
2012-12-01,08,Information & Communication,98.8,-0.6
2012-12-01,09,"Recreation, Sport & Culture",103.0,-0.1
2012-12-01,10,Education,104.9,1.65
2012-12-01,11,Restaurant & Accommodation Services,109.9,2.23
2012-12-01,12,Insurance & Financial Services,102.0,2.0
2012-12-01,13,Personal Care & Miscellaneous,104.9,0.96
2012-12-01,overall,Overall CPI,105.5,1.25
2013-01-01,01,Food & Beverages,109.9,2.23
2013-01-01,02,Alcoholic Beverages & Tobacco,106.7,2.01
2013-01-01,03,Clothing & Footwear,98.9,-0.5
2013-01-01,04,"Housing, Water, Electricity, Gas & Other Fuels",104.0,1.36
2013-01-01,05,Furnishings & Household Maintenance,104.6,1.65
2013-01-01,06,Health,106.0,2.02
2013-01-01,07,Transport,105.3,0.38
2013-01-01,08,Information & Communication,98.6,-0.8
2013-01-01,09,"Recreation, Sport & Culture",103.1,-0.1
2013-01-01,10,Education,106.0,1.83
2013-01-01,11,Restaurant & Accommodation Services,110.1,2.13
2013-01-01,12,Insurance & Financial Services,102.4,2.09
2013-01-01,13,Personal Care & Miscellaneous,105.6,1.73
2013-01-01,overall,Overall CPI,105.9,1.34
2013-02-01,01,Food & Beverages,110.2,3.28
2013-02-01,02,Alcoholic Beverages & Tobacco,106.7,2.01
2013-02-01,03,Clothing & Footwear,98.6,-1.2
2013-02-01,04,"Housing, Water, Electricity, Gas & Other Fuels",104.3,1.26
2013-02-01,05,Furnishings & Household Maintenance,104.9,1.55
2013-02-01,06,Health,106.1,1.92
2013-02-01,07,Transport,105.3,0.38
2013-02-01,08,Information & Communication,98.7,-0.7
2013-02-01,09,"Recreation, Sport & Culture",103.2,-0.19
2013-02-01,10,Education,106.8,2.2
2013-02-01,11,Restaurant & Accommodation Services,110.5,2.22
2013-02-01,12,Insurance & Financial Services,102.4,1.39
2013-02-01,13,Personal Care & Miscellaneous,105.4,1.15
2013-02-01,overall,Overall CPI,106.1,1.53
2013-03-01,01,Food & Beverages,110.2,3.28
2013-03-01,02,Alcoholic Beverages & Tobacco,106.7,2.01
2013-03-01,03,Clothing & Footwear,98.9,-0.5
2013-03-01,04,"Housing, Water, Electricity, Gas & Other Fuels",104.3,1.26
2013-03-01,05,Furnishings & Household Maintenance,105.3,1.74
2013-03-01,06,Health,106.2,1.92
2013-03-01,07,Transport,105.9,0.95
2013-03-01,08,Information & Communication,98.6,-0.7
2013-03-01,09,"Recreation, Sport & Culture",103.2,0.0
2013-03-01,10,Education,106.9,2.2
2013-03-01,11,Restaurant & Accommodation Services,110.9,2.31
2013-03-01,12,Insurance & Financial Services,102.6,1.28
2013-03-01,13,Personal Care & Miscellaneous,105.3,1.15
2013-03-01,overall,Overall CPI,106.2,1.63
2013-04-01,01,Food & Beverages,110.4,3.76
2013-04-01,02,Alcoholic Beverages & Tobacco,106.7,2.01
2013-04-01,03,Clothing & Footwear,98.8,-0.7
2013-04-01,04,"Housing, Water, Electricity, Gas & Other Fuels",104.3,1.26
2013-04-01,05,Furnishings & Household Maintenance,105.4,1.74
2013-04-01,06,Health,106.6,2.11
2013-04-01,07,Transport,105.8,0.57
2013-04-01,08,Information & Communication,98.5,-0.71
2013-04-01,09,"Recreation, Sport & Culture",103.1,-0.1
2013-04-01,10,Education,107.0,2.1
2013-04-01,11,Restaurant & Accommodation Services,111.1,2.3
2013-04-01,12,Insurance & Financial Services,102.6,1.28
2013-04-01,13,Personal Care & Miscellaneous,104.9,0.96
2013-04-01,overall,Overall CPI,106.3,1.72
2013-05-01,01,Food & Beverages,110.8,3.45
2013-05-01,02,Alcoholic Beverages & Tobacco,106.7,1.91
2013-05-01,03,Clothing & Footwear,98.8,-0.7
2013-05-01,04,"Housing, Water, Electricity, Gas & Other Fuels",105.3,2.03
2013-05-01,05,Furnishings & Household Maintenance,105.3,1.54
2013-05-01,06,Health,106.8,2.2
2013-05-01,07,Transport,105.7,0.38
2013-05-01,08,Information & Communication,98.5,-0.71
2013-05-01,09,"Recreation, Sport & Culture",103.0,-0.19
2013-05-01,10,Education,107.2,2.29
2013-05-01,11,Restaurant & Accommodation Services,111.3,2.3
2013-05-01,12,Insurance & Financial Services,102.6,1.38
2013-05-01,13,Personal Care & Miscellaneous,104.3,0.38
2013-05-01,overall,Overall CPI,106.6,1.81
2013-06-01,01,Food & Beverages,111.2,3.25
2013-06-01,02,Alcoholic Beverages & Tobacco,109.1,4.2
2013-06-01,03,Clothing & Footwear,98.6,-0.6
2013-06-01,04,"Housing, Water, Electricity, Gas & Other Fuels",105.3,2.03
2013-06-01,05,Furnishings & Household Maintenance,105.5,1.64
2013-06-01,06,Health,106.6,1.91
2013-06-01,07,Transport,105.3,0.29
2013-06-01,08,Information & Communication,98.4,-0.71
2013-06-01,09,"Recreation, Sport & Culture",103.0,-0.19
2013-06-01,10,Education,107.3,2.48
2013-06-01,11,Restaurant & Accommodation Services,111.4,2.2
2013-06-01,12,Insurance & Financial Services,102.6,1.38
2013-06-01,13,Personal Care & Miscellaneous,104.1,0.0
2013-06-01,overall,Overall CPI,106.7,1.81
2013-07-01,01,Food & Beverages,112.0,3.9
2013-07-01,02,Alcoholic Beverages & Tobacco,109.1,4.2
2013-07-01,03,Clothing & Footwear,98.3,-0.81
2013-07-01,04,"Housing, Water, Electricity, Gas & Other Fuels",105.3,1.94
2013-07-01,05,Furnishings & Household Maintenance,105.5,1.64
2013-07-01,06,Health,106.7,1.81
2013-07-01,07,Transport,105.4,0.86
2013-07-01,08,Information & Communication,98.4,-0.71
2013-07-01,09,"Recreation, Sport & Culture",103.0,-0.29
2013-07-01,10,Education,107.4,2.58
2013-07-01,11,Restaurant & Accommodation Services,111.5,2.11
2013-07-01,12,Insurance & Financial Services,103.4,2.17
2013-07-01,13,Personal Care & Miscellaneous,103.9,-0.57
2013-07-01,overall,Overall CPI,106.9,2.0
2013-08-01,01,Food & Beverages,111.9,3.61
2013-08-01,02,Alcoholic Beverages & Tobacco,109.1,4.1
2013-08-01,03,Clothing & Footwear,98.3,-0.41
2013-08-01,04,"Housing, Water, Electricity, Gas & Other Fuels",105.7,1.83
2013-08-01,05,Furnishings & Household Maintenance,105.5,1.44
2013-08-01,06,Health,106.9,1.91
2013-08-01,07,Transport,105.4,0.57
2013-08-01,08,Information & Communication,98.3,-0.71
2013-08-01,09,"Recreation, Sport & Culture",103.1,-0.1
2013-08-01,10,Education,107.4,2.58
2013-08-01,11,Restaurant & Accommodation Services,111.8,2.38
2013-08-01,12,Insurance & Financial Services,103.4,1.77
2013-08-01,13,Personal Care & Miscellaneous,104.7,0.29
2013-08-01,overall,Overall CPI,107.0,1.9
2013-09-01,01,Food & Beverages,112.2,3.89
2013-09-01,02,Alcoholic Beverages & Tobacco,109.6,4.48
2013-09-01,03,Clothing & Footwear,98.6,-0.5
2013-09-01,04,"Housing, Water, Electricity, Gas & Other Fuels",105.7,1.83
2013-09-01,05,Furnishings & Household Maintenance,105.7,1.34
2013-09-01,06,Health,107.2,1.71
2013-09-01,07,Transport,110.5,4.64
2013-09-01,08,Information & Communication,98.3,-0.61
2013-09-01,09,"Recreation, Sport & Culture",103.0,-0.1
2013-09-01,10,Education,107.5,2.58
2013-09-01,11,Restaurant & Accommodation Services,112.2,2.47
2013-09-01,12,Insurance & Financial Services,103.4,1.67
2013-09-01,13,Personal Care & Miscellaneous,104.9,0.0
2013-09-01,overall,Overall CPI,107.9,2.57
2013-10-01,01,Food & Beverages,112.4,3.69
2013-10-01,02,Alcoholic Beverages & Tobacco,121.7,16.02
2013-10-01,03,Clothing & Footwear,98.6,-0.4
2013-10-01,04,"Housing, Water, Electricity, Gas & Other Fuels",105.7,1.83
2013-10-01,05,Furnishings & Household Maintenance,105.7,1.44
2013-10-01,06,Health,107.3,1.71
2013-10-01,07,Transport,110.8,4.92
2013-10-01,08,Information & Communication,98.3,-0.51
2013-10-01,09,"Recreation, Sport & Culture",103.0,-0.1
2013-10-01,10,Education,107.5,2.58
2013-10-01,11,Restaurant & Accommodation Services,112.5,2.55
2013-10-01,12,Insurance & Financial Services,103.5,1.47
2013-10-01,13,Personal Care & Miscellaneous,104.6,-0.38
2013-10-01,overall,Overall CPI,108.3,2.75
2013-11-01,01,Food & Beverages,112.6,3.87
2013-11-01,02,Alcoholic Beverages & Tobacco,121.7,14.17
2013-11-01,03,Clothing & Footwear,98.7,-0.3
2013-11-01,04,"Housing, Water, Electricity, Gas & Other Fuels",106.4,2.31
2013-11-01,05,Furnishings & Household Maintenance,105.9,1.63
2013-11-01,06,Health,107.6,1.8
2013-11-01,07,Transport,110.9,4.92
2013-11-01,08,Information & Communication,98.2,-0.61
2013-11-01,09,"Recreation, Sport & Culture",103.6,0.58
2013-11-01,10,Education,107.8,2.86
2013-11-01,11,Restaurant & Accommodation Services,113.2,3.0
2013-11-01,12,Insurance & Financial Services,103.5,1.47
2013-11-01,13,Personal Care & Miscellaneous,104.6,-0.48
2013-11-01,overall,Overall CPI,108.6,2.94
2013-12-01,01,Food & Beverages,113.6,4.51
2013-12-01,02,Alcoholic Beverages & Tobacco,121.6,14.07
2013-12-01,03,Clothing & Footwear,98.3,-0.3
2013-12-01,04,"Housing, Water, Electricity, Gas & Other Fuels",106.5,2.4
2013-12-01,05,Furnishings & Household Maintenance,105.8,1.63
2013-12-01,06,Health,107.8,1.89
2013-12-01,07,Transport,110.6,5.03
2013-12-01,08,Information & Communication,98.2,-0.61
2013-12-01,09,"Recreation, Sport & Culture",104.9,1.84
2013-12-01,10,Education,107.9,2.86
2013-12-01,11,Restaurant & Accommodation Services,113.5,3.28
2013-12-01,12,Insurance & Financial Services,103.5,1.47
2013-12-01,13,Personal Care & Miscellaneous,104.3,-0.57
2013-12-01,overall,Overall CPI,108.9,3.22
2014-01-01,01,Food & Beverages,114.5,4.19
2014-01-01,02,Alcoholic Beverages & Tobacco,121.7,14.06
2014-01-01,03,Clothing & Footwear,98.7,-0.2
2014-01-01,04,"Housing, Water, Electricity, Gas & Other Fuels",107.3,3.17
2014-01-01,05,Furnishings & Household Maintenance,106.3,1.63
2014-01-01,06,Health,108.2,2.08
2014-01-01,07,Transport,110.9,5.32
2014-01-01,08,Information & Communication,98.2,-0.41
2014-01-01,09,"Recreation, Sport & Culture",104.8,1.65
2014-01-01,10,Education,108.8,2.64
2014-01-01,11,Restaurant & Accommodation Services,114.7,4.18
2014-01-01,12,Insurance & Financial Services,103.5,1.07
2014-01-01,13,Personal Care & Miscellaneous,104.4,-1.14
2014-01-01,overall,Overall CPI,109.5,3.4
2014-02-01,01,Food & Beverages,114.4,3.81
2014-02-01,02,Alcoholic Beverages & Tobacco,121.7,14.06
2014-02-01,03,Clothing & Footwear,98.8,0.2
2014-02-01,04,"Housing, Water, Electricity, Gas & Other Fuels",108.0,3.55
2014-02-01,05,Furnishings & Household Maintenance,106.5,1.53
2014-02-01,06,Health,108.4,2.17
2014-02-01,07,Transport,111.1,5.51
2014-02-01,08,Information & Communication,98.1,-0.61
2014-02-01,09,"Recreation, Sport & Culture",104.9,1.65
2014-02-01,10,Education,109.3,2.34
2014-02-01,11,Restaurant & Accommodation Services,115.4,4.43
2014-02-01,12,Insurance & Financial Services,103.7,1.27
2014-02-01,13,Personal Care & Miscellaneous,105.0,-0.38
2014-02-01,overall,Overall CPI,109.8,3.49
2014-03-01,01,Food & Beverages,114.5,3.9
2014-03-01,02,Alcoholic Beverages & Tobacco,121.7,14.06
2014-03-01,03,Clothing & Footwear,98.8,-0.1
2014-03-01,04,"Housing, Water, Electricity, Gas & Other Fuels",108.1,3.64
2014-03-01,05,Furnishings & Household Maintenance,106.5,1.14
2014-03-01,06,Health,108.6,2.26
2014-03-01,07,Transport,111.3,5.1
2014-03-01,08,Information & Communication,98.1,-0.51
2014-03-01,09,"Recreation, Sport & Culture",104.9,1.65
2014-03-01,10,Education,109.4,2.34
2014-03-01,11,Restaurant & Accommodation Services,115.9,4.51
2014-03-01,12,Insurance & Financial Services,104.4,1.75
2014-03-01,13,Personal Care & Miscellaneous,105.4,0.09
2014-03-01,overall,Overall CPI,109.9,3.48
2014-04-01,01,Food & Beverages,114.4,3.62
2014-04-01,02,Alcoholic Beverages & Tobacco,121.7,14.06
2014-04-01,03,Clothing & Footwear,98.7,-0.1
2014-04-01,04,"Housing, Water, Electricity, Gas & Other Fuels",108.1,3.64
2014-04-01,05,Furnishings & Household Maintenance,106.5,1.04
2014-04-01,06,Health,109.1,2.35
2014-04-01,07,Transport,111.4,5.29
2014-04-01,08,Information & Communication,97.9,-0.61
2014-04-01,09,"Recreation, Sport & Culture",104.9,1.75
2014-04-01,10,Education,109.5,2.34
2014-04-01,11,Restaurant & Accommodation Services,116.4,4.77
2014-04-01,12,Insurance & Financial Services,104.5,1.85
2014-04-01,13,Personal Care & Miscellaneous,105.4,0.48
2014-04-01,overall,Overall CPI,109.9,3.39
2014-05-01,01,Food & Beverages,114.5,3.34
2014-05-01,02,Alcoholic Beverages & Tobacco,121.7,14.06
2014-05-01,03,Clothing & Footwear,98.6,-0.2
2014-05-01,04,"Housing, Water, Electricity, Gas & Other Fuels",108.6,3.13
2014-05-01,05,Furnishings & Household Maintenance,106.6,1.23
2014-05-01,06,Health,109.4,2.43
2014-05-01,07,Transport,111.5,5.49
2014-05-01,08,Information & Communication,97.8,-0.71
2014-05-01,09,"Recreation, Sport & Culture",105.0,1.94
2014-05-01,10,Education,109.6,2.24
2014-05-01,11,Restaurant & Accommodation Services,116.7,4.85
2014-05-01,12,Insurance & Financial Services,104.5,1.85
2014-05-01,13,Personal Care & Miscellaneous,105.4,1.05
2014-05-01,overall,Overall CPI,110.0,3.19
2014-06-01,01,Food & Beverages,115.1,3.51
2014-06-01,02,Alcoholic Beverages & Tobacco,121.8,11.64
2014-06-01,03,Clothing & Footwear,98.5,-0.1
2014-06-01,04,"Housing, Water, Electricity, Gas & Other Fuels",108.7,3.23
2014-06-01,05,Furnishings & Household Maintenance,106.6,1.04
2014-06-01,06,Health,109.9,3.1
2014-06-01,07,Transport,111.1,5.51
2014-06-01,08,Information & Communication,97.8,-0.61
2014-06-01,09,"Recreation, Sport & Culture",105.0,1.94
2014-06-01,10,Education,109.7,2.24
2014-06-01,11,Restaurant & Accommodation Services,116.9,4.94
2014-06-01,12,Insurance & Financial Services,104.5,1.85
2014-06-01,13,Personal Care & Miscellaneous,105.4,1.25
2014-06-01,overall,Overall CPI,110.2,3.28
2014-07-01,01,Food & Beverages,115.5,3.13
2014-07-01,02,Alcoholic Beverages & Tobacco,121.8,11.64
2014-07-01,03,Clothing & Footwear,98.1,-0.2
2014-07-01,04,"Housing, Water, Electricity, Gas & Other Fuels",108.7,3.23
2014-07-01,05,Furnishings & Household Maintenance,106.3,0.76
2014-07-01,06,Health,110.2,3.28
2014-07-01,07,Transport,111.1,5.41
2014-07-01,08,Information & Communication,97.7,-0.71
2014-07-01,09,"Recreation, Sport & Culture",105.0,1.94
2014-07-01,10,Education,109.9,2.33
2014-07-01,11,Restaurant & Accommodation Services,117.1,5.02
2014-07-01,12,Insurance & Financial Services,104.5,1.06
2014-07-01,13,Personal Care & Miscellaneous,105.4,1.44
2014-07-01,overall,Overall CPI,110.3,3.18
2014-08-01,01,Food & Beverages,115.6,3.31
2014-08-01,02,Alcoholic Beverages & Tobacco,121.8,11.64
2014-08-01,03,Clothing & Footwear,98.1,-0.2
2014-08-01,04,"Housing, Water, Electricity, Gas & Other Fuels",109.3,3.41
2014-08-01,05,Furnishings & Household Maintenance,106.7,1.14
2014-08-01,06,Health,110.4,3.27
2014-08-01,07,Transport,111.2,5.5
2014-08-01,08,Information & Communication,97.6,-0.71
2014-08-01,09,"Recreation, Sport & Culture",105.0,1.84
2014-08-01,10,Education,110.1,2.51
2014-08-01,11,Restaurant & Accommodation Services,117.5,5.1
2014-08-01,12,Insurance & Financial Services,104.8,1.35
2014-08-01,13,Personal Care & Miscellaneous,105.6,0.86
2014-08-01,overall,Overall CPI,110.5,3.27
2014-09-01,01,Food & Beverages,115.8,3.21
2014-09-01,02,Alcoholic Beverages & Tobacco,125.8,14.78
2014-09-01,03,Clothing & Footwear,98.3,-0.3
2014-09-01,04,"Housing, Water, Electricity, Gas & Other Fuels",109.3,3.41
2014-09-01,05,Furnishings & Household Maintenance,106.7,0.95
2014-09-01,06,Health,110.8,3.36
2014-09-01,07,Transport,111.0,0.45
2014-09-01,08,Information & Communication,97.5,-0.81
2014-09-01,09,"Recreation, Sport & Culture",105.0,1.94
2014-09-01,10,Education,110.1,2.42
2014-09-01,11,Restaurant & Accommodation Services,117.6,4.81
2014-09-01,12,Insurance & Financial Services,104.8,1.35
2014-09-01,13,Personal Care & Miscellaneous,105.6,0.67
2014-09-01,overall,Overall CPI,110.7,2.59
2014-10-01,01,Food & Beverages,115.6,2.85
2014-10-01,02,Alcoholic Beverages & Tobacco,121.9,0.16
2014-10-01,03,Clothing & Footwear,98.2,-0.41
2014-10-01,04,"Housing, Water, Electricity, Gas & Other Fuels",109.3,3.41
2014-10-01,05,Furnishings & Household Maintenance,106.6,0.85
2014-10-01,06,Health,110.9,3.36
2014-10-01,07,Transport,116.7,5.32
2014-10-01,08,Information & Communication,97.4,-0.92
2014-10-01,09,"Recreation, Sport & Culture",104.9,1.84
2014-10-01,10,Education,110.1,2.42
2014-10-01,11,Restaurant & Accommodation Services,117.7,4.62
2014-10-01,12,Insurance & Financial Services,104.8,1.26
2014-10-01,13,Personal Care & Miscellaneous,105.3,0.67
2014-10-01,overall,Overall CPI,111.3,2.77
2014-11-01,01,Food & Beverages,115.9,2.93
2014-11-01,02,Alcoholic Beverages & Tobacco,134.5,10.52
2014-11-01,03,Clothing & Footwear,98.3,-0.41
2014-11-01,04,"Housing, Water, Electricity, Gas & Other Fuels",110.1,3.48
2014-11-01,05,Furnishings & Household Maintenance,106.7,0.76
2014-11-01,06,Health,111.3,3.44
2014-11-01,07,Transport,116.5,5.05
2014-11-01,08,Information & Communication,97.3,-0.92
2014-11-01,09,"Recreation, Sport & Culture",104.9,1.25
2014-11-01,10,Education,110.2,2.23
2014-11-01,11,Restaurant & Accommodation Services,118.1,4.33
2014-11-01,12,Insurance & Financial Services,104.8,1.26
2014-11-01,13,Personal Care & Miscellaneous,105.5,0.86
2014-11-01,overall,Overall CPI,111.9,3.04
2014-12-01,01,Food & Beverages,116.3,2.38
2014-12-01,02,Alcoholic Beverages & Tobacco,134.5,10.61
2014-12-01,03,Clothing & Footwear,98.0,-0.31
2014-12-01,04,"Housing, Water, Electricity, Gas & Other Fuels",110.1,3.38
2014-12-01,05,Furnishings & Household Maintenance,106.4,0.57
2014-12-01,06,Health,111.4,3.34
2014-12-01,07,Transport,115.0,3.98
2014-12-01,08,Information & Communication,97.3,-0.92
2014-12-01,09,"Recreation, Sport & Culture",104.9,0.0
2014-12-01,10,Education,110.3,2.22
2014-12-01,11,Restaurant & Accommodation Services,118.2,4.14
2014-12-01,12,Insurance & Financial Services,105.0,1.45
2014-12-01,13,Personal Care & Miscellaneous,105.8,1.44
2014-12-01,overall,Overall CPI,111.8,2.66
2015-01-01,01,Food & Beverages,117.7,2.79
2015-01-01,02,Alcoholic Beverages & Tobacco,134.6,10.6
2015-01-01,03,Clothing & Footwear,98.6,-0.1
2015-01-01,04,"Housing, Water, Electricity, Gas & Other Fuels",109.6,2.14
2015-01-01,05,Furnishings & Household Maintenance,106.8,0.47
2015-01-01,06,Health,111.7,3.23
2015-01-01,07,Transport,104.2,-6.04
2015-01-01,08,Information & Communication,97.2,-1.02
2015-01-01,09,"Recreation, Sport & Culture",105.3,0.48
2015-01-01,10,Education,111.1,2.11
2015-01-01,11,Restaurant & Accommodation Services,118.6,3.4
2015-01-01,12,Insurance & Financial Services,105.0,1.45
2015-01-01,13,Personal Care & Miscellaneous,106.2,1.72
2015-01-01,overall,Overall CPI,110.6,1.0
2015-02-01,01,Food & Beverages,117.5,2.71
2015-02-01,02,Alcoholic Beverages & Tobacco,134.6,10.6
2015-02-01,03,Clothing & Footwear,98.2,-0.61
2015-02-01,04,"Housing, Water, Electricity, Gas & Other Fuels",110.6,2.41
2015-02-01,05,Furnishings & Household Maintenance,106.6,0.09
2015-02-01,06,Health,112.1,3.41
2015-02-01,07,Transport,98.0,-11.79
2015-02-01,08,Information & Communication,97.2,-0.92
2015-02-01,09,"Recreation, Sport & Culture",105.7,0.76
2015-02-01,10,Education,111.7,2.2
2015-02-01,11,Restaurant & Accommodation Services,118.8,2.95
2015-02-01,12,Insurance & Financial Services,105.1,1.35
2015-02-01,13,Personal Care & Miscellaneous,106.7,1.62
2015-02-01,overall,Overall CPI,109.9,0.09
2015-03-01,01,Food & Beverages,117.1,2.27
2015-03-01,02,Alcoholic Beverages & Tobacco,134.6,10.6
2015-03-01,03,Clothing & Footwear,98.6,-0.2
2015-03-01,04,"Housing, Water, Electricity, Gas & Other Fuels",110.2,1.94
2015-03-01,05,Furnishings & Household Maintenance,106.7,0.19
2015-03-01,06,Health,112.5,3.59
2015-03-01,07,Transport,105.8,-4.94
2015-03-01,08,Information & Communication,97.2,-0.92
2015-03-01,09,"Recreation, Sport & Culture",105.5,0.57
2015-03-01,10,Education,111.8,2.19
2015-03-01,11,Restaurant & Accommodation Services,119.2,2.85
2015-03-01,12,Insurance & Financial Services,105.4,0.96
2015-03-01,13,Personal Care & Miscellaneous,107.0,1.52
2015-03-01,overall,Overall CPI,110.9,0.91
2015-04-01,01,Food & Beverages,118.0,3.15
2015-04-01,02,Alcoholic Beverages & Tobacco,137.5,12.98
2015-04-01,03,Clothing & Footwear,99.4,0.71
2015-04-01,04,"Housing, Water, Electricity, Gas & Other Fuels",110.6,2.31
2015-04-01,05,Furnishings & Household Maintenance,109.0,2.35
2015-04-01,06,Health,114.6,5.04
2015-04-01,07,Transport,106.1,-4.76
2015-04-01,08,Information & Communication,100.2,2.35
2015-04-01,09,"Recreation, Sport & Culture",106.5,1.53
2015-04-01,10,Education,112.4,2.65
2015-04-01,11,Restaurant & Accommodation Services,121.4,4.3
2015-04-01,12,Insurance & Financial Services,109.0,4.31
2015-04-01,13,Personal Care & Miscellaneous,109.7,4.08
2015-04-01,overall,Overall CPI,111.9,1.82
2015-05-01,01,Food & Beverages,118.5,3.49
2015-05-01,02,Alcoholic Beverages & Tobacco,135.4,11.26
2015-05-01,03,Clothing & Footwear,99.5,0.91
2015-05-01,04,"Housing, Water, Electricity, Gas & Other Fuels",111.4,2.58
2015-05-01,05,Furnishings & Household Maintenance,109.4,2.63
2015-05-01,06,Health,114.9,5.03
2015-05-01,07,Transport,106.3,-4.66
2015-05-01,08,Information & Communication,100.3,2.56
2015-05-01,09,"Recreation, Sport & Culture",106.7,1.62
2015-05-01,10,Education,112.3,2.46
2015-05-01,11,Restaurant & Accommodation Services,121.9,4.46
2015-05-01,12,Insurance & Financial Services,109.8,5.07
2015-05-01,13,Personal Care & Miscellaneous,110.0,4.36
2015-05-01,overall,Overall CPI,112.3,2.09
2015-06-01,01,Food & Beverages,119.0,3.39
2015-06-01,02,Alcoholic Beverages & Tobacco,135.6,11.33
2015-06-01,03,Clothing & Footwear,99.2,0.71
2015-06-01,04,"Housing, Water, Electricity, Gas & Other Fuels",111.4,2.48
2015-06-01,05,Furnishings & Household Maintenance,110.0,3.19
2015-06-01,06,Health,115.4,5.0
2015-06-01,07,Transport,109.5,-1.44
2015-06-01,08,Information & Communication,100.3,2.56
2015-06-01,09,"Recreation, Sport & Culture",106.8,1.71
2015-06-01,10,Education,112.5,2.55
2015-06-01,11,Restaurant & Accommodation Services,122.2,4.53
2015-06-01,12,Insurance & Financial Services,110.0,5.26
2015-06-01,13,Personal Care & Miscellaneous,110.2,4.55
2015-06-01,overall,Overall CPI,113.0,2.54
2015-07-01,01,Food & Beverages,119.9,3.81
2015-07-01,02,Alcoholic Beverages & Tobacco,138.0,13.3
2015-07-01,03,Clothing & Footwear,99.0,0.92
2015-07-01,04,"Housing, Water, Electricity, Gas & Other Fuels",111.4,2.48
2015-07-01,05,Furnishings & Household Maintenance,110.4,3.86
2015-07-01,06,Health,115.5,4.81
2015-07-01,07,Transport,112.9,1.62
2015-07-01,08,Information & Communication,100.4,2.76
2015-07-01,09,"Recreation, Sport & Culture",107.0,1.9
2015-07-01,10,Education,112.5,2.37
2015-07-01,11,Restaurant & Accommodation Services,122.5,4.61
2015-07-01,12,Insurance & Financial Services,109.8,5.07
2015-07-01,13,Personal Care & Miscellaneous,110.4,4.74
2015-07-01,overall,Overall CPI,113.9,3.26
2015-08-01,01,Food & Beverages,120.5,4.24
2015-08-01,02,Alcoholic Beverages & Tobacco,138.1,13.38
2015-08-01,03,Clothing & Footwear,98.8,0.71
2015-08-01,04,"Housing, Water, Electricity, Gas & Other Fuels",112.2,2.65
2015-08-01,05,Furnishings & Household Maintenance,110.7,3.75
2015-08-01,06,Health,115.6,4.71
2015-08-01,07,Transport,109.9,-1.17
2015-08-01,08,Information & Communication,100.5,2.97
2015-08-01,09,"Recreation, Sport & Culture",107.2,2.1
2015-08-01,10,Education,112.8,2.45
2015-08-01,11,Restaurant & Accommodation Services,122.8,4.51
2015-08-01,12,Insurance & Financial Services,109.9,4.87
2015-08-01,13,Personal Care & Miscellaneous,110.4,4.55
2015-08-01,overall,Overall CPI,113.9,3.08
2015-09-01,01,Food & Beverages,120.8,4.32
2015-09-01,02,Alcoholic Beverages & Tobacco,138.1,9.78
2015-09-01,03,Clothing & Footwear,99.0,0.71
2015-09-01,04,"Housing, Water, Electricity, Gas & Other Fuels",112.2,2.65
2015-09-01,05,Furnishings & Household Maintenance,110.7,3.75
2015-09-01,06,Health,115.9,4.6
2015-09-01,07,Transport,106.8,-3.78
2015-09-01,08,Information & Communication,100.6,3.18
2015-09-01,09,"Recreation, Sport & Culture",107.4,2.29
2015-09-01,10,Education,112.8,2.45
2015-09-01,11,Restaurant & Accommodation Services,123.0,4.59
2015-09-01,12,Insurance & Financial Services,110.1,5.06
2015-09-01,13,Personal Care & Miscellaneous,111.5,5.59
2015-09-01,overall,Overall CPI,113.6,2.62
2015-10-01,01,Food & Beverages,121.0,4.67
2015-10-01,02,Alcoholic Beverages & Tobacco,138.1,13.29
2015-10-01,03,Clothing & Footwear,98.9,0.71
2015-10-01,04,"Housing, Water, Electricity, Gas & Other Fuels",112.2,2.65
2015-10-01,05,Furnishings & Household Maintenance,110.6,3.75
2015-10-01,06,Health,116.1,4.69
2015-10-01,07,Transport,110.0,-5.74
2015-10-01,08,Information & Communication,100.6,3.29
2015-10-01,09,"Recreation, Sport & Culture",107.4,2.38
2015-10-01,10,Education,112.8,2.45
2015-10-01,11,Restaurant & Accommodation Services,123.2,4.67
2015-10-01,12,Insurance & Financial Services,110.1,5.06
2015-10-01,13,Personal Care & Miscellaneous,111.4,5.79
2015-10-01,overall,Overall CPI,114.1,2.52
2015-11-01,01,Food & Beverages,120.7,4.14
2015-11-01,02,Alcoholic Beverages & Tobacco,162.3,20.67
2015-11-01,03,Clothing & Footwear,98.9,0.61
2015-11-01,04,"Housing, Water, Electricity, Gas & Other Fuels",112.8,2.45
2015-11-01,05,Furnishings & Household Maintenance,110.8,3.84
2015-11-01,06,Health,116.2,4.4
2015-11-01,07,Transport,110.4,-5.24
2015-11-01,08,Information & Communication,100.6,3.39
2015-11-01,09,"Recreation, Sport & Culture",107.6,2.57
2015-11-01,10,Education,112.9,2.45
2015-11-01,11,Restaurant & Accommodation Services,123.5,4.57
2015-11-01,12,Insurance & Financial Services,110.5,5.44
2015-11-01,13,Personal Care & Miscellaneous,111.7,5.88
2015-11-01,overall,Overall CPI,114.8,2.59
2015-12-01,01,Food & Beverages,121.6,4.56
2015-12-01,02,Alcoholic Beverages & Tobacco,165.1,22.75
2015-12-01,03,Clothing & Footwear,98.8,0.82
2015-12-01,04,"Housing, Water, Electricity, Gas & Other Fuels",112.8,2.45
2015-12-01,05,Furnishings & Household Maintenance,110.9,4.23
2015-12-01,06,Health,116.5,4.58
2015-12-01,07,Transport,107.9,-6.17
2015-12-01,08,Information & Communication,100.5,3.29
2015-12-01,09,"Recreation, Sport & Culture",107.6,2.57
2015-12-01,10,Education,113.2,2.63
2015-12-01,11,Restaurant & Accommodation Services,123.8,4.74
2015-12-01,12,Insurance & Financial Services,110.5,5.24
2015-12-01,13,Personal Care & Miscellaneous,111.5,5.39
2015-12-01,overall,Overall CPI,114.8,2.68
2016-01-01,01,Food & Beverages,122.3,3.91
2016-01-01,02,Alcoholic Beverages & Tobacco,165.0,22.59
2016-01-01,03,Clothing & Footwear,99.0,0.41
2016-01-01,04,"Housing, Water, Electricity, Gas & Other Fuels",113.0,3.1
2016-01-01,05,Furnishings & Household Maintenance,111.2,4.12
2016-01-01,06,Health,116.8,4.57
2016-01-01,07,Transport,104.8,0.58
2016-01-01,08,Information & Communication,98.1,0.93
2016-01-01,09,"Recreation, Sport & Culture",107.7,2.28
2016-01-01,10,Education,114.0,2.61
2016-01-01,11,Restaurant & Accommodation Services,123.9,4.47
2016-01-01,12,Insurance & Financial Services,110.6,5.33
2016-01-01,13,Personal Care & Miscellaneous,112.0,5.46
2016-01-01,overall,Overall CPI,114.5,3.53
2016-02-01,01,Food & Beverages,123.1,4.77
2016-02-01,02,Alcoholic Beverages & Tobacco,165.0,22.59
2016-02-01,03,Clothing & Footwear,98.7,0.51
2016-02-01,04,"Housing, Water, Electricity, Gas & Other Fuels",113.5,2.62
2016-02-01,05,Furnishings & Household Maintenance,111.6,4.69
2016-02-01,06,Health,117.2,4.55
2016-02-01,07,Transport,101.5,3.57
2016-02-01,08,Information & Communication,98.1,0.93
2016-02-01,09,"Recreation, Sport & Culture",108.2,2.37
2016-02-01,10,Education,114.5,2.51
2016-02-01,11,Restaurant & Accommodation Services,124.4,4.71
2016-02-01,12,Insurance & Financial Services,110.6,5.23
2016-02-01,13,Personal Care & Miscellaneous,112.3,5.25
2016-02-01,overall,Overall CPI,114.5,4.19
2016-03-01,01,Food & Beverages,123.0,5.04
2016-03-01,02,Alcoholic Beverages & Tobacco,165.1,22.66
2016-03-01,03,Clothing & Footwear,98.6,0.0
2016-03-01,04,"Housing, Water, Electricity, Gas & Other Fuels",113.6,3.09
2016-03-01,05,Furnishings & Household Maintenance,111.7,4.69
2016-03-01,06,Health,117.2,4.18
2016-03-01,07,Transport,97.1,-8.22
2016-03-01,08,Information & Communication,98.1,0.93
2016-03-01,09,"Recreation, Sport & Culture",108.2,2.56
2016-03-01,10,Education,114.7,2.59
2016-03-01,11,Restaurant & Accommodation Services,124.6,4.53
2016-03-01,12,Insurance & Financial Services,110.6,4.93
2016-03-01,13,Personal Care & Miscellaneous,112.5,5.14
2016-03-01,overall,Overall CPI,113.8,2.61
2016-04-01,01,Food & Beverages,123.0,4.24
2016-04-01,02,Alcoholic Beverages & Tobacco,165.1,20.07
2016-04-01,03,Clothing & Footwear,98.7,-0.7
2016-04-01,04,"Housing, Water, Electricity, Gas & Other Fuels",113.5,2.62
2016-04-01,05,Furnishings & Household Maintenance,111.8,2.57
2016-04-01,06,Health,117.1,2.18
2016-04-01,07,Transport,100.3,-5.47
2016-04-01,08,Information & Communication,98.1,-2.1
2016-04-01,09,"Recreation, Sport & Culture",108.2,1.6
2016-04-01,10,Education,114.8,2.14
2016-04-01,11,Restaurant & Accommodation Services,124.7,2.72
2016-04-01,12,Insurance & Financial Services,111.2,2.02
2016-04-01,13,Personal Care & Miscellaneous,112.5,2.55
2016-04-01,overall,Overall CPI,114.3,2.14
2016-05-01,01,Food & Beverages,123.4,4.14
2016-05-01,02,Alcoholic Beverages & Tobacco,165.3,22.08
2016-05-01,03,Clothing & Footwear,98.6,-0.9
2016-05-01,04,"Housing, Water, Electricity, Gas & Other Fuels",114.1,2.42
2016-05-01,05,Furnishings & Household Maintenance,111.8,2.19
2016-05-01,06,Health,117.2,2.0
2016-05-01,07,Transport,100.3,-5.64
2016-05-01,08,Information & Communication,98.1,-2.19
2016-05-01,09,"Recreation, Sport & Culture",108.3,1.5
2016-05-01,10,Education,114.8,2.23
2016-05-01,11,Restaurant & Accommodation Services,125.0,2.54
2016-05-01,12,Insurance & Financial Services,111.4,1.46
2016-05-01,13,Personal Care & Miscellaneous,112.7,2.45
2016-05-01,overall,Overall CPI,114.6,2.05
2016-06-01,01,Food & Beverages,124.0,4.2
2016-06-01,02,Alcoholic Beverages & Tobacco,165.3,21.9
2016-06-01,03,Clothing & Footwear,98.6,-0.6
2016-06-01,04,"Housing, Water, Electricity, Gas & Other Fuels",114.1,2.42
2016-06-01,05,Furnishings & Household Maintenance,111.9,1.73
2016-06-01,06,Health,117.7,1.99
2016-06-01,07,Transport,100.2,-8.49
2016-06-01,08,Information & Communication,98.1,-2.19
2016-06-01,09,"Recreation, Sport & Culture",108.3,1.4
2016-06-01,10,Education,114.9,2.13
2016-06-01,11,Restaurant & Accommodation Services,124.9,2.21
2016-06-01,12,Insurance & Financial Services,111.5,1.36
2016-06-01,13,Personal Care & Miscellaneous,112.7,2.27
2016-06-01,overall,Overall CPI,114.8,1.59
2016-07-01,01,Food & Beverages,124.4,3.75
2016-07-01,02,Alcoholic Beverages & Tobacco,165.4,19.86
2016-07-01,03,Clothing & Footwear,98.4,-0.61
2016-07-01,04,"Housing, Water, Electricity, Gas & Other Fuels",114.1,2.42
2016-07-01,05,Furnishings & Household Maintenance,112.1,1.54
2016-07-01,06,Health,117.8,1.99
2016-07-01,07,Transport,101.7,-9.92
2016-07-01,08,Information & Communication,98.1,-2.29
2016-07-01,09,"Recreation, Sport & Culture",108.8,1.68
2016-07-01,10,Education,115.0,2.22
2016-07-01,11,Restaurant & Accommodation Services,125.1,2.12
2016-07-01,12,Insurance & Financial Services,111.5,1.55
2016-07-01,13,Personal Care & Miscellaneous,113.1,2.45
2016-07-01,overall,Overall CPI,115.1,1.05
2016-08-01,01,Food & Beverages,124.7,3.49
2016-08-01,02,Alcoholic Beverages & Tobacco,165.3,19.7
2016-08-01,03,Clothing & Footwear,98.2,-0.61
2016-08-01,04,"Housing, Water, Electricity, Gas & Other Fuels",114.6,2.14
2016-08-01,05,Furnishings & Household Maintenance,112.1,1.26
2016-08-01,06,Health,118.1,2.16
2016-08-01,07,Transport,102.5,-6.73
2016-08-01,08,Information & Communication,98.1,-2.39
2016-08-01,09,"Recreation, Sport & Culture",111.1,3.64
2016-08-01,10,Education,115.0,1.95
2016-08-01,11,Restaurant & Accommodation Services,125.4,2.12
2016-08-01,12,Insurance & Financial Services,111.6,1.55
2016-08-01,13,Personal Care & Miscellaneous,113.2,2.54
2016-08-01,overall,Overall CPI,115.6,1.49
2016-09-01,01,Food & Beverages,124.4,2.98
2016-09-01,02,Alcoholic Beverages & Tobacco,165.3,19.7
2016-09-01,03,Clothing & Footwear,98.4,-0.61
2016-09-01,04,"Housing, Water, Electricity, Gas & Other Fuels",114.6,2.14
2016-09-01,05,Furnishings & Household Maintenance,112.1,1.26
2016-09-01,06,Health,118.5,2.24
2016-09-01,07,Transport,100.9,-5.52
2016-09-01,08,Information & Communication,98.0,-2.58
2016-09-01,09,"Recreation, Sport & Culture",111.1,3.45
2016-09-01,10,Education,115.0,1.95
2016-09-01,11,Restaurant & Accommodation Services,125.7,2.2
2016-09-01,12,Insurance & Financial Services,111.5,1.27
2016-09-01,13,Personal Care & Miscellaneous,113.2,1.52
2016-09-01,overall,Overall CPI,115.3,1.5
2016-10-01,01,Food & Beverages,124.0,2.48
2016-10-01,02,Alcoholic Beverages & Tobacco,165.4,19.77
2016-10-01,03,Clothing & Footwear,98.4,-0.51
2016-10-01,04,"Housing, Water, Electricity, Gas & Other Fuels",114.6,2.14
2016-10-01,05,Furnishings & Household Maintenance,112.3,1.54
2016-10-01,06,Health,118.8,2.33
2016-10-01,07,Transport,104.0,-5.45
2016-10-01,08,Information & Communication,98.0,-2.58
2016-10-01,09,"Recreation, Sport & Culture",111.2,3.54
2016-10-01,10,Education,115.0,1.95
2016-10-01,11,Restaurant & Accommodation Services,125.7,2.03
2016-10-01,12,Insurance & Financial Services,111.5,1.27
2016-10-01,13,Personal Care & Miscellaneous,113.1,1.53
2016-10-01,overall,Overall CPI,115.7,1.4
2016-11-01,01,Food & Beverages,124.9,3.48
2016-11-01,02,Alcoholic Beverages & Tobacco,165.4,1.91
2016-11-01,03,Clothing & Footwear,98.4,-0.51
2016-11-01,04,"Housing, Water, Electricity, Gas & Other Fuels",115.2,2.13
2016-11-01,05,Furnishings & Household Maintenance,112.4,1.44
2016-11-01,06,Health,119.1,2.5
2016-11-01,07,Transport,108.7,-1.54
2016-11-01,08,Information & Communication,97.9,-2.68
2016-11-01,09,"Recreation, Sport & Culture",111.0,3.16
2016-11-01,10,Education,115.1,1.95
2016-11-01,11,Restaurant & Accommodation Services,125.8,1.86
2016-11-01,12,Insurance & Financial Services,111.5,0.9
2016-11-01,13,Personal Care & Miscellaneous,113.7,1.79
2016-11-01,overall,Overall CPI,116.8,1.74
2016-12-01,01,Food & Beverages,125.7,3.37
2016-12-01,02,Alcoholic Beverages & Tobacco,165.3,0.12
2016-12-01,03,Clothing & Footwear,98.3,-0.51
2016-12-01,04,"Housing, Water, Electricity, Gas & Other Fuels",115.2,2.13
2016-12-01,05,Furnishings & Household Maintenance,112.5,1.44
2016-12-01,06,Health,119.3,2.4
2016-12-01,07,Transport,107.2,-0.65
2016-12-01,08,Information & Communication,97.9,-2.59
2016-12-01,09,"Recreation, Sport & Culture",111.1,3.25
2016-12-01,10,Education,115.1,1.68
2016-12-01,11,Restaurant & Accommodation Services,126.1,1.86
2016-12-01,12,Insurance & Financial Services,111.5,0.9
2016-12-01,13,Personal Care & Miscellaneous,113.5,1.79
2016-12-01,overall,Overall CPI,116.8,1.74
2017-01-01,01,Food & Beverages,126.8,3.68
2017-01-01,02,Alcoholic Beverages & Tobacco,165.3,0.18
2017-01-01,03,Clothing & Footwear,98.3,-0.71
2017-01-01,04,"Housing, Water, Electricity, Gas & Other Fuels",115.2,1.95
2017-01-01,05,Furnishings & Household Maintenance,112.9,1.53
2017-01-01,06,Health,119.7,2.48
2017-01-01,07,Transport,113.5,8.3
2017-01-01,08,Information & Communication,97.9,-0.2
2017-01-01,09,"Recreation, Sport & Culture",111.2,3.25
2017-01-01,10,Education,116.3,2.02
2017-01-01,11,Restaurant & Accommodation Services,126.5,2.1
2017-01-01,12,Insurance & Financial Services,111.6,0.9
2017-01-01,13,Personal Care & Miscellaneous,113.6,1.43
2017-01-01,overall,Overall CPI,118.1,3.14
2017-02-01,01,Food & Beverages,128.0,3.98
2017-02-01,02,Alcoholic Beverages & Tobacco,165.3,0.18
2017-02-01,03,Clothing & Footwear,98.5,-0.2
2017-02-01,04,"Housing, Water, Electricity, Gas & Other Fuels",116.0,2.2
2017-02-01,05,Furnishings & Household Maintenance,113.3,1.52
2017-02-01,06,Health,120.0,2.39
2017-02-01,07,Transport,119.7,17.93
2017-02-01,08,Information & Communication,97.8,-0.31
2017-02-01,09,"Recreation, Sport & Culture",111.6,3.14
2017-02-01,10,Education,116.4,1.66
2017-02-01,11,Restaurant & Accommodation Services,127.3,2.33
2017-02-01,12,Insurance & Financial Services,111.6,0.9
2017-02-01,13,Personal Care & Miscellaneous,113.9,1.42
2017-02-01,overall,Overall CPI,119.6,4.45
2017-03-01,01,Food & Beverages,127.5,3.66
2017-03-01,02,Alcoholic Beverages & Tobacco,165.4,0.18
2017-03-01,03,Clothing & Footwear,98.4,-0.2
2017-03-01,04,"Housing, Water, Electricity, Gas & Other Fuels",116.1,2.2
2017-03-01,05,Furnishings & Household Maintenance,113.4,1.52
2017-03-01,06,Health,120.2,2.56
2017-03-01,07,Transport,119.4,22.97
2017-03-01,08,Information & Communication,97.9,-0.2
2017-03-01,09,"Recreation, Sport & Culture",111.4,2.96
2017-03-01,10,Education,116.6,1.66
2017-03-01,11,Restaurant & Accommodation Services,127.5,2.33
2017-03-01,12,Insurance & Financial Services,111.6,0.9
2017-03-01,13,Personal Care & Miscellaneous,114.0,1.33
2017-03-01,overall,Overall CPI,119.4,4.92
2017-04-01,01,Food & Beverages,127.6,3.74
2017-04-01,02,Alcoholic Beverages & Tobacco,165.4,0.18
2017-04-01,03,Clothing & Footwear,98.6,-0.1
2017-04-01,04,"Housing, Water, Electricity, Gas & Other Fuels",116.1,2.29
2017-04-01,05,Furnishings & Household Maintenance,113.9,1.88
2017-04-01,06,Health,120.4,2.82
2017-04-01,07,Transport,117.1,16.75
2017-04-01,08,Information & Communication,97.8,-0.31
2017-04-01,09,"Recreation, Sport & Culture",111.4,2.96
2017-04-01,10,Education,116.7,1.66
2017-04-01,11,Restaurant & Accommodation Services,127.7,2.41
2017-04-01,12,Insurance & Financial Services,111.6,0.36
2017-04-01,13,Personal Care & Miscellaneous,114.2,1.51
2017-04-01,overall,Overall CPI,119.2,4.29
2017-05-01,01,Food & Beverages,128.3,3.97
2017-05-01,02,Alcoholic Beverages & Tobacco,165.6,0.18
2017-05-01,03,Clothing & Footwear,98.4,-0.2
2017-05-01,04,"Housing, Water, Electricity, Gas & Other Fuels",116.6,2.19
2017-05-01,05,Furnishings & Household Maintenance,114.2,2.15
2017-05-01,06,Health,120.6,2.9
2017-05-01,07,Transport,113.4,13.06
2017-05-01,08,Information & Communication,97.8,-0.31
2017-05-01,09,"Recreation, Sport & Culture",111.4,2.86
2017-05-01,10,Education,116.7,1.66
2017-05-01,11,Restaurant & Accommodation Services,127.9,2.32
2017-05-01,12,Insurance & Financial Services,111.6,0.18
2017-05-01,13,Personal Care & Miscellaneous,114.2,1.33
2017-05-01,overall,Overall CPI,119.0,3.84
2017-06-01,01,Food & Beverages,128.8,3.87
2017-06-01,02,Alcoholic Beverages & Tobacco,165.5,0.12
2017-06-01,03,Clothing & Footwear,98.2,-0.41
2017-06-01,04,"Housing, Water, Electricity, Gas & Other Fuels",116.6,2.19
2017-06-01,05,Furnishings & Household Maintenance,114.2,2.06
2017-06-01,06,Health,120.8,2.63
2017-06-01,07,Transport,110.7,10.48
2017-06-01,08,Information & Communication,97.8,-0.31
2017-06-01,09,"Recreation, Sport & Culture",111.5,2.95
2017-06-01,10,Education,116.8,1.65
2017-06-01,11,Restaurant & Accommodation Services,128.0,2.48
2017-06-01,12,Insurance & Financial Services,111.6,0.09
2017-06-01,13,Personal Care & Miscellaneous,114.1,1.24
2017-06-01,overall,Overall CPI,118.7,3.4
2017-07-01,01,Food & Beverages,129.2,3.86
2017-07-01,02,Alcoholic Beverages & Tobacco,165.5,0.06
2017-07-01,03,Clothing & Footwear,98.0,-0.41
2017-07-01,04,"Housing, Water, Electricity, Gas & Other Fuels",116.6,2.19
2017-07-01,05,Furnishings & Household Maintenance,115.0,2.59
2017-07-01,06,Health,121.2,2.89
2017-07-01,07,Transport,109.5,7.67
2017-07-01,08,Information & Communication,97.8,-0.31
2017-07-01,09,"Recreation, Sport & Culture",111.6,2.57
2017-07-01,10,Education,116.8,1.57
2017-07-01,11,Restaurant & Accommodation Services,128.3,2.56
2017-07-01,12,Insurance & Financial Services,111.6,0.09
2017-07-01,13,Personal Care & Miscellaneous,114.4,1.15
2017-07-01,overall,Overall CPI,118.7,3.13
2017-08-01,01,Food & Beverages,129.6,3.93
2017-08-01,02,Alcoholic Beverages & Tobacco,165.5,0.12
2017-08-01,03,Clothing & Footwear,97.9,-0.31
2017-08-01,04,"Housing, Water, Electricity, Gas & Other Fuels",117.3,2.36
2017-08-01,05,Furnishings & Household Maintenance,115.1,2.68
2017-08-01,06,Health,121.3,2.71
2017-08-01,07,Transport,114.5,11.71
2017-08-01,08,Information & Communication,97.8,-0.31
2017-08-01,09,"Recreation, Sport & Culture",111.5,0.36
2017-08-01,10,Education,116.8,1.57
2017-08-01,11,Restaurant & Accommodation Services,128.9,2.79
2017-08-01,12,Insurance & Financial Services,111.6,0.0
2017-08-01,13,Personal Care & Miscellaneous,114.2,0.88
2017-08-01,overall,Overall CPI,119.8,3.63
2017-09-01,01,Food & Beverages,129.7,4.26
2017-09-01,02,Alcoholic Beverages & Tobacco,165.5,0.12
2017-09-01,03,Clothing & Footwear,98.1,-0.3
2017-09-01,04,"Housing, Water, Electricity, Gas & Other Fuels",117.3,2.36
2017-09-01,05,Furnishings & Household Maintenance,115.2,2.77
2017-09-01,06,Health,121.5,2.53
2017-09-01,07,Transport,116.8,15.76
2017-09-01,08,Information & Communication,97.7,-0.31
2017-09-01,09,"Recreation, Sport & Culture",111.5,0.36
2017-09-01,10,Education,116.8,1.57
2017-09-01,11,Restaurant & Accommodation Services,129.0,2.63
2017-09-01,12,Insurance & Financial Services,111.6,0.09
2017-09-01,13,Personal Care & Miscellaneous,114.4,1.06
2017-09-01,overall,Overall CPI,120.1,4.16
2017-10-01,01,Food & Beverages,129.4,4.35
2017-10-01,02,Alcoholic Beverages & Tobacco,165.6,0.12
2017-10-01,03,Clothing & Footwear,98.0,-0.41
2017-10-01,04,"Housing, Water, Electricity, Gas & Other Fuels",117.3,2.36
2017-10-01,05,Furnishings & Household Maintenance,115.2,2.58
2017-10-01,06,Health,121.6,2.36
2017-10-01,07,Transport,116.6,12.12
2017-10-01,08,Information & Communication,97.6,-0.41
2017-10-01,09,"Recreation, Sport & Culture",111.6,0.36
2017-10-01,10,Education,116.8,1.57
2017-10-01,11,Restaurant & Accommodation Services,129.1,2.7
2017-10-01,12,Insurance & Financial Services,111.6,0.09
2017-10-01,13,Personal Care & Miscellaneous,114.5,1.24
2017-10-01,overall,Overall CPI,120.0,3.72
2017-11-01,01,Food & Beverages,129.9,4.0
2017-11-01,02,Alcoholic Beverages & Tobacco,165.7,0.18
2017-11-01,03,Clothing & Footwear,97.9,-0.51
2017-11-01,04,"Housing, Water, Electricity, Gas & Other Fuels",117.7,2.17
2017-11-01,05,Furnishings & Household Maintenance,115.2,2.49
2017-11-01,06,Health,121.7,2.18
2017-11-01,07,Transport,120.4,10.76
2017-11-01,08,Information & Communication,97.4,-0.51
2017-11-01,09,"Recreation, Sport & Culture",111.7,0.63
2017-11-01,10,Education,116.8,1.48
2017-11-01,11,Restaurant & Accommodation Services,129.3,2.78
2017-11-01,12,Insurance & Financial Services,111.6,0.09
2017-11-01,13,Personal Care & Miscellaneous,114.5,0.7
2017-11-01,overall,Overall CPI,120.8,3.42
2017-12-01,01,Food & Beverages,130.8,4.06
2017-12-01,02,Alcoholic Beverages & Tobacco,165.6,0.18
2017-12-01,03,Clothing & Footwear,97.8,-0.51
2017-12-01,04,"Housing, Water, Electricity, Gas & Other Fuels",117.7,2.17
2017-12-01,05,Furnishings & Household Maintenance,115.2,2.4
2017-12-01,06,Health,122.0,2.26
2017-12-01,07,Transport,119.5,11.47
2017-12-01,08,Information & Communication,97.4,-0.51
2017-12-01,09,"Recreation, Sport & Culture",111.7,0.54
2017-12-01,10,Education,117.0,1.65
2017-12-01,11,Restaurant & Accommodation Services,129.4,2.62
2017-12-01,12,Insurance & Financial Services,111.6,0.09
2017-12-01,13,Personal Care & Miscellaneous,114.3,0.7
2017-12-01,overall,Overall CPI,120.9,3.51
2018-01-01,01,Food & Beverages,131.6,3.79
2018-01-01,02,Alcoholic Beverages & Tobacco,165.6,0.18
2018-01-01,03,Clothing & Footwear,98.0,-0.31
2018-01-01,04,"Housing, Water, Electricity, Gas & Other Fuels",117.7,2.17
2018-01-01,05,Furnishings & Household Maintenance,115.8,2.57
2018-01-01,06,Health,122.4,2.26
2018-01-01,07,Transport,120.0,5.73
2018-01-01,08,Information & Communication,97.4,-0.51
2018-01-01,09,"Recreation, Sport & Culture",111.8,0.54
2018-01-01,10,Education,117.7,1.2
2018-01-01,11,Restaurant & Accommodation Services,129.5,2.37
2018-01-01,12,Insurance & Financial Services,111.6,0.0
2018-01-01,13,Personal Care & Miscellaneous,114.6,0.88
2018-01-01,overall,Overall CPI,121.3,2.71
2018-02-01,01,Food & Beverages,131.8,2.97
2018-02-01,02,Alcoholic Beverages & Tobacco,165.5,0.12
2018-02-01,03,Clothing & Footwear,97.8,-0.71
2018-02-01,04,"Housing, Water, Electricity, Gas & Other Fuels",118.3,1.98
2018-02-01,05,Furnishings & Household Maintenance,115.7,2.12
2018-02-01,06,Health,122.5,2.08
2018-02-01,07,Transport,119.3,-0.33
2018-02-01,08,Information & Communication,97.3,-0.51
2018-02-01,09,"Recreation, Sport & Culture",112.0,0.36
2018-02-01,10,Education,117.8,1.2
2018-02-01,11,Restaurant & Accommodation Services,129.6,1.81
2018-02-01,12,Insurance & Financial Services,111.7,0.09
2018-02-01,13,Personal Care & Miscellaneous,114.3,0.35
2018-02-01,overall,Overall CPI,121.3,1.42
2018-03-01,01,Food & Beverages,131.1,2.82
2018-03-01,02,Alcoholic Beverages & Tobacco,165.6,0.12
2018-03-01,03,Clothing & Footwear,97.7,-0.71
2018-03-01,04,"Housing, Water, Electricity, Gas & Other Fuels",118.3,1.89
2018-03-01,05,Furnishings & Household Maintenance,115.8,2.12
2018-03-01,06,Health,122.6,2.0
2018-03-01,07,Transport,117.6,-1.51
2018-03-01,08,Information & Communication,97.2,-0.72
2018-03-01,09,"Recreation, Sport & Culture",112.0,0.54
2018-03-01,10,Education,117.9,1.11
2018-03-01,11,Restaurant & Accommodation Services,130.0,1.96
2018-03-01,12,Insurance & Financial Services,111.7,0.09
2018-03-01,13,Personal Care & Miscellaneous,114.5,0.44
2018-03-01,overall,Overall CPI,120.9,1.26
2018-04-01,01,Food & Beverages,130.9,2.59
2018-04-01,02,Alcoholic Beverages & Tobacco,165.7,0.18
2018-04-01,03,Clothing & Footwear,97.8,-0.81
2018-04-01,04,"Housing, Water, Electricity, Gas & Other Fuels",118.3,1.89
2018-04-01,05,Furnishings & Household Maintenance,115.9,1.76
2018-04-01,06,Health,122.9,2.08
2018-04-01,07,Transport,117.6,0.43
2018-04-01,08,Information & Communication,97.1,-0.72
2018-04-01,09,"Recreation, Sport & Culture",112.1,0.63
2018-04-01,10,Education,118.0,1.11
2018-04-01,11,Restaurant & Accommodation Services,130.5,2.19
2018-04-01,12,Insurance & Financial Services,111.7,0.09
2018-04-01,13,Personal Care & Miscellaneous,114.6,0.35
2018-04-01,overall,Overall CPI,120.9,1.43
2018-05-01,01,Food & Beverages,131.1,2.18
2018-05-01,02,Alcoholic Beverages & Tobacco,165.7,0.06
2018-05-01,03,Clothing & Footwear,97.7,-0.71
2018-05-01,04,"Housing, Water, Electricity, Gas & Other Fuels",119.0,2.06
2018-05-01,05,Furnishings & Household Maintenance,115.9,1.49
2018-05-01,06,Health,122.9,1.91
2018-05-01,07,Transport,117.7,3.79
2018-05-01,08,Information & Communication,96.9,-0.92
2018-05-01,09,"Recreation, Sport & Culture",112.0,0.54
2018-05-01,10,Education,118.1,1.2
2018-05-01,11,Restaurant & Accommodation Services,130.6,2.11
2018-05-01,12,Insurance & Financial Services,111.7,0.09
2018-05-01,13,Personal Care & Miscellaneous,114.7,0.44
2018-05-01,overall,Overall CPI,121.1,1.76
2018-06-01,01,Food & Beverages,129.8,0.78
2018-06-01,02,Alcoholic Beverages & Tobacco,164.4,-0.66
2018-06-01,03,Clothing & Footwear,95.2,-3.05
2018-06-01,04,"Housing, Water, Electricity, Gas & Other Fuels",118.4,1.54
2018-06-01,05,Furnishings & Household Maintenance,113.1,-0.96
2018-06-01,06,Health,121.2,0.33
2018-06-01,07,Transport,116.8,5.51
2018-06-01,08,Information & Communication,94.0,-3.89
2018-06-01,09,"Recreation, Sport & Culture",108.7,-2.51
2018-06-01,10,Education,117.9,0.94
2018-06-01,11,Restaurant & Accommodation Services,129.6,1.25
2018-06-01,12,Insurance & Financial Services,108.8,-2.51
2018-06-01,13,Personal Care & Miscellaneous,111.1,-2.63
2018-06-01,overall,Overall CPI,119.6,0.76
2018-07-01,01,Food & Beverages,130.1,0.7
2018-07-01,02,Alcoholic Beverages & Tobacco,164.1,-0.85
2018-07-01,03,Clothing & Footwear,95.1,-2.96
2018-07-01,04,"Housing, Water, Electricity, Gas & Other Fuels",118.9,1.97
2018-07-01,05,Furnishings & Household Maintenance,113.1,-1.65
2018-07-01,06,Health,121.2,0.0
2018-07-01,07,Transport,116.8,6.67
2018-07-01,08,Information & Communication,94.0,-3.89
2018-07-01,09,"Recreation, Sport & Culture",108.9,-2.42
2018-07-01,10,Education,118.0,1.03
2018-07-01,11,Restaurant & Accommodation Services,129.6,1.01
2018-07-01,12,Insurance & Financial Services,108.8,-2.51
2018-07-01,13,Personal Care & Miscellaneous,111.0,-2.97
2018-07-01,overall,Overall CPI,119.8,0.93
2018-08-01,01,Food & Beverages,130.1,0.39
2018-08-01,02,Alcoholic Beverages & Tobacco,163.9,-0.97
2018-08-01,03,Clothing & Footwear,95.1,-2.86
2018-08-01,04,"Housing, Water, Electricity, Gas & Other Fuels",119.6,1.96
2018-08-01,05,Furnishings & Household Maintenance,113.2,-1.65
2018-08-01,06,Health,121.3,0.0
2018-08-01,07,Transport,116.9,2.1
2018-08-01,08,Information & Communication,93.9,-3.99
2018-08-01,09,"Recreation, Sport & Culture",109.0,-2.24
2018-08-01,10,Education,118.1,1.11
2018-08-01,11,Restaurant & Accommodation Services,129.8,0.7
2018-08-01,12,Insurance & Financial Services,108.8,-2.51
2018-08-01,13,Personal Care & Miscellaneous,110.8,-2.98
2018-08-01,overall,Overall CPI,120.0,0.17
2018-09-01,01,Food & Beverages,130.3,0.46
2018-09-01,02,Alcoholic Beverages & Tobacco,164.0,-0.91
2018-09-01,03,Clothing & Footwear,95.0,-3.16
2018-09-01,04,"Housing, Water, Electricity, Gas & Other Fuels",119.8,2.13
2018-09-01,05,Furnishings & Household Maintenance,114.3,-0.78
2018-09-01,06,Health,121.3,-0.16
2018-09-01,07,Transport,117.2,0.34
2018-09-01,08,Information & Communication,96.1,-1.64
2018-09-01,09,"Recreation, Sport & Culture",111.3,-0.18
2018-09-01,10,Education,118.1,1.11
2018-09-01,11,Restaurant & Accommodation Services,130.4,1.09
2018-09-01,12,Insurance & Financial Services,109.2,-2.15
2018-09-01,13,Personal Care & Miscellaneous,111.0,-2.97
2018-09-01,overall,Overall CPI,120.5,0.33
2018-10-01,01,Food & Beverages,131.0,1.24
2018-10-01,02,Alcoholic Beverages & Tobacco,164.3,-0.79
2018-10-01,03,Clothing & Footwear,95.0,-3.06
2018-10-01,04,"Housing, Water, Electricity, Gas & Other Fuels",119.8,2.13
2018-10-01,05,Furnishings & Household Maintenance,114.8,-0.35
2018-10-01,06,Health,121.3,-0.25
2018-10-01,07,Transport,117.5,0.77
2018-10-01,08,Information & Communication,96.1,-1.54
2018-10-01,09,"Recreation, Sport & Culture",111.4,-0.18
2018-10-01,10,Education,118.1,1.11
2018-10-01,11,Restaurant & Accommodation Services,130.6,1.16
2018-10-01,12,Insurance & Financial Services,109.8,-1.61
2018-10-01,13,Personal Care & Miscellaneous,111.3,-2.79
2018-10-01,overall,Overall CPI,120.7,0.58
2018-11-01,01,Food & Beverages,131.3,1.08
2018-11-01,02,Alcoholic Beverages & Tobacco,167.4,1.03
2018-11-01,03,Clothing & Footwear,94.9,-3.06
2018-11-01,04,"Housing, Water, Electricity, Gas & Other Fuels",120.1,2.04
2018-11-01,05,Furnishings & Household Maintenance,115.1,-0.09
2018-11-01,06,Health,121.5,-0.16
2018-11-01,07,Transport,117.6,-2.33
2018-11-01,08,Information & Communication,96.1,-1.33
2018-11-01,09,"Recreation, Sport & Culture",111.4,-0.27
2018-11-01,10,Education,118.4,1.37
2018-11-01,11,Restaurant & Accommodation Services,130.9,1.24
2018-11-01,12,Insurance & Financial Services,109.8,-1.61
2018-11-01,13,Personal Care & Miscellaneous,111.5,-2.62
2018-11-01,overall,Overall CPI,121.0,0.17
2018-12-01,01,Food & Beverages,131.7,0.69
2018-12-01,02,Alcoholic Beverages & Tobacco,167.5,1.15
2018-12-01,03,Clothing & Footwear,94.7,-3.17
2018-12-01,04,"Housing, Water, Electricity, Gas & Other Fuels",120.1,2.04
2018-12-01,05,Furnishings & Household Maintenance,115.3,0.09
2018-12-01,06,Health,121.5,-0.41
2018-12-01,07,Transport,117.1,-2.01
2018-12-01,08,Information & Communication,96.1,-1.33
2018-12-01,09,"Recreation, Sport & Culture",111.5,-0.18
2018-12-01,10,Education,118.3,1.11
2018-12-01,11,Restaurant & Accommodation Services,131.1,1.31
2018-12-01,12,Insurance & Financial Services,109.8,-1.61
2018-12-01,13,Personal Care & Miscellaneous,111.5,-2.45
2018-12-01,overall,Overall CPI,121.1,0.17
2019-01-01,01,Food & Beverages,132.9,0.99
2019-01-01,02,Alcoholic Beverages & Tobacco,167.5,1.15
2019-01-01,03,Clothing & Footwear,94.8,-3.27
2019-01-01,04,"Housing, Water, Electricity, Gas & Other Fuels",120.1,2.04
2019-01-01,05,Furnishings & Household Maintenance,115.5,-0.26
2019-01-01,06,Health,121.8,-0.49
2019-01-01,07,Transport,110.7,-7.75
2019-01-01,08,Information & Communication,96.1,-1.33
2019-01-01,09,"Recreation, Sport & Culture",111.4,-0.36
2019-01-01,10,Education,118.8,0.93
2019-01-01,11,Restaurant & Accommodation Services,131.1,1.24
2019-01-01,12,Insurance & Financial Services,109.9,-1.52
2019-01-01,13,Personal Care & Miscellaneous,111.9,-2.36
2019-01-01,overall,Overall CPI,120.5,-0.66
2019-02-01,01,Food & Beverages,133.1,0.99
2019-02-01,02,Alcoholic Beverages & Tobacco,167.4,1.15
2019-02-01,03,Clothing & Footwear,94.7,-3.17
2019-02-01,04,"Housing, Water, Electricity, Gas & Other Fuels",120.7,2.03
2019-02-01,05,Furnishings & Household Maintenance,115.8,0.09
2019-02-01,06,Health,122.0,-0.41
2019-02-01,07,Transport,111.2,-6.79
2019-02-01,08,Information & Communication,96.1,-1.23
2019-02-01,09,"Recreation, Sport & Culture",111.6,-0.36
2019-02-01,10,Education,119.3,1.27
2019-02-01,11,Restaurant & Accommodation Services,131.3,1.31
2019-02-01,12,Insurance & Financial Services,109.9,-1.61
2019-02-01,13,Personal Care & Miscellaneous,111.8,-2.19
2019-02-01,overall,Overall CPI,120.8,-0.41
2019-03-01,01,Food & Beverages,132.5,1.07
2019-03-01,02,Alcoholic Beverages & Tobacco,167.5,1.15
2019-03-01,03,Clothing & Footwear,94.8,-2.97
2019-03-01,04,"Housing, Water, Electricity, Gas & Other Fuels",120.7,2.03
2019-03-01,05,Furnishings & Household Maintenance,116.1,0.26
2019-03-01,06,Health,122.3,-0.24
2019-03-01,07,Transport,114.1,-2.98
2019-03-01,08,Information & Communication,96.1,-1.13
2019-03-01,09,"Recreation, Sport & Culture",111.5,-0.45
2019-03-01,10,Education,119.4,1.27
2019-03-01,11,Restaurant & Accommodation Services,131.3,1.0
2019-03-01,12,Insurance & Financial Services,109.9,-1.61
2019-03-01,13,Personal Care & Miscellaneous,112.2,-2.01
2019-03-01,overall,Overall CPI,121.1,0.17
2019-04-01,01,Food & Beverages,132.3,1.07
2019-04-01,02,Alcoholic Beverages & Tobacco,167.7,1.21
2019-04-01,03,Clothing & Footwear,94.7,-3.17
2019-04-01,04,"Housing, Water, Electricity, Gas & Other Fuels",120.7,2.03
2019-04-01,05,Furnishings & Household Maintenance,116.1,0.17
2019-04-01,06,Health,122.5,-0.33
2019-04-01,07,Transport,114.6,-2.55
2019-04-01,08,Information & Communication,96.0,-1.13
2019-04-01,09,"Recreation, Sport & Culture",111.6,-0.45
2019-04-01,10,Education,119.4,1.19
2019-04-01,11,Restaurant & Accommodation Services,131.6,0.84
2019-04-01,12,Insurance & Financial Services,109.9,-1.61
2019-04-01,13,Personal Care & Miscellaneous,112.3,-2.01
2019-04-01,overall,Overall CPI,121.1,0.17
2019-05-01,01,Food & Beverages,132.7,1.22
2019-05-01,02,Alcoholic Beverages & Tobacco,167.8,1.27
2019-05-01,03,Clothing & Footwear,94.6,-3.17
2019-05-01,04,"Housing, Water, Electricity, Gas & Other Fuels",121.1,1.76
2019-05-01,05,Furnishings & Household Maintenance,116.5,0.52
2019-05-01,06,Health,122.5,-0.33
2019-05-01,07,Transport,114.8,-2.46
2019-05-01,08,Information & Communication,96.0,-0.93
2019-05-01,09,"Recreation, Sport & Culture",111.5,-0.45
2019-05-01,10,Education,119.5,1.19
2019-05-01,11,Restaurant & Accommodation Services,131.4,0.61
2019-05-01,12,Insurance & Financial Services,109.9,-1.61
2019-05-01,13,Personal Care & Miscellaneous,112.3,-2.09
2019-05-01,overall,Overall CPI,121.4,0.25
2019-06-01,01,Food & Beverages,132.8,2.31
2019-06-01,02,Alcoholic Beverages & Tobacco,167.9,2.13
2019-06-01,03,Clothing & Footwear,94.5,-0.74
2019-06-01,04,"Housing, Water, Electricity, Gas & Other Fuels",121.1,2.28
2019-06-01,05,Furnishings & Household Maintenance,116.6,3.09
2019-06-01,06,Health,122.7,1.24
2019-06-01,07,Transport,114.4,-2.05
2019-06-01,08,Information & Communication,96.0,2.13
2019-06-01,09,"Recreation, Sport & Culture",111.6,2.67
2019-06-01,10,Education,119.5,1.36
2019-06-01,11,Restaurant & Accommodation Services,131.7,1.62
2019-06-01,12,Insurance & Financial Services,109.9,1.01
2019-06-01,13,Personal Care & Miscellaneous,112.6,1.35
2019-06-01,overall,Overall CPI,121.4,1.51
2019-07-01,01,Food & Beverages,133.2,2.38
2019-07-01,02,Alcoholic Beverages & Tobacco,167.9,2.32
2019-07-01,03,Clothing & Footwear,94.1,-1.05
2019-07-01,04,"Housing, Water, Electricity, Gas & Other Fuels",121.1,1.85
2019-07-01,05,Furnishings & Household Maintenance,116.8,3.27
2019-07-01,06,Health,122.8,1.32
2019-07-01,07,Transport,114.6,-1.88
2019-07-01,08,Information & Communication,96.0,2.13
2019-07-01,09,"Recreation, Sport & Culture",111.5,2.39
2019-07-01,10,Education,119.6,1.36
2019-07-01,11,Restaurant & Accommodation Services,131.8,1.7
2019-07-01,12,Insurance & Financial Services,109.9,1.01
2019-07-01,13,Personal Care & Miscellaneous,113.0,1.8
2019-07-01,overall,Overall CPI,121.5,1.42
2019-08-01,01,Food & Beverages,133.5,2.61
2019-08-01,02,Alcoholic Beverages & Tobacco,168.0,2.5
2019-08-01,03,Clothing & Footwear,94.1,-1.05
2019-08-01,04,"Housing, Water, Electricity, Gas & Other Fuels",121.7,1.76
2019-08-01,05,Furnishings & Household Maintenance,116.8,3.18
2019-08-01,06,Health,123.0,1.4
2019-08-01,07,Transport,114.5,-2.05
2019-08-01,08,Information & Communication,96.0,2.24
2019-08-01,09,"Recreation, Sport & Culture",111.5,2.29
2019-08-01,10,Education,119.7,1.35
2019-08-01,11,Restaurant & Accommodation Services,132.0,1.69
2019-08-01,12,Insurance & Financial Services,109.9,1.01
2019-08-01,13,Personal Care & Miscellaneous,113.6,2.53
2019-08-01,overall,Overall CPI,121.8,1.5
2019-09-01,01,Food & Beverages,133.2,2.23
2019-09-01,02,Alcoholic Beverages & Tobacco,167.9,2.38
2019-09-01,03,Clothing & Footwear,94.1,-0.95
2019-09-01,04,"Housing, Water, Electricity, Gas & Other Fuels",121.7,1.59
2019-09-01,05,Furnishings & Household Maintenance,116.7,2.1
2019-09-01,06,Health,122.9,1.32
2019-09-01,07,Transport,114.6,-2.22
2019-09-01,08,Information & Communication,96.0,-0.1
2019-09-01,09,"Recreation, Sport & Culture",112.2,0.81
2019-09-01,10,Education,120.2,1.78
2019-09-01,11,Restaurant & Accommodation Services,132.2,1.38
2019-09-01,12,Insurance & Financial Services,109.9,0.64
2019-09-01,13,Personal Care & Miscellaneous,114.0,2.7
2019-09-01,overall,Overall CPI,121.8,1.08
2019-10-01,01,Food & Beverages,133.3,1.76
2019-10-01,02,Alcoholic Beverages & Tobacco,167.9,2.19
2019-10-01,03,Clothing & Footwear,93.8,-1.26
2019-10-01,04,"Housing, Water, Electricity, Gas & Other Fuels",121.7,1.59
2019-10-01,05,Furnishings & Household Maintenance,116.7,1.66
2019-10-01,06,Health,123.0,1.4
2019-10-01,07,Transport,114.8,-2.3
2019-10-01,08,Information & Communication,97.5,1.46
2019-10-01,09,"Recreation, Sport & Culture",112.2,0.72
2019-10-01,10,Education,120.3,1.86
2019-10-01,11,Restaurant & Accommodation Services,132.2,1.23
2019-10-01,12,Insurance & Financial Services,109.9,0.09
2019-10-01,13,Personal Care & Miscellaneous,113.8,2.25
2019-10-01,overall,Overall CPI,122.0,1.08
2019-11-01,01,Food & Beverages,133.3,1.52
2019-11-01,02,Alcoholic Beverages & Tobacco,168.0,0.36
2019-11-01,03,Clothing & Footwear,93.9,-1.05
2019-11-01,04,"Housing, Water, Electricity, Gas & Other Fuels",122.2,1.75
2019-11-01,05,Furnishings & Household Maintenance,116.8,1.48
2019-11-01,06,Health,123.2,1.4
2019-11-01,07,Transport,114.8,-2.38
2019-11-01,08,Information & Communication,97.5,1.46
2019-11-01,09,"Recreation, Sport & Culture",112.3,0.81
2019-11-01,10,Education,120.3,1.6
2019-11-01,11,Restaurant & Accommodation Services,132.3,1.07
2019-11-01,12,Insurance & Financial Services,109.9,0.09
2019-11-01,13,Personal Care & Miscellaneous,114.3,2.51
2019-11-01,overall,Overall CPI,122.1,0.91
2019-12-01,01,Food & Beverages,133.9,1.67
2019-12-01,02,Alcoholic Beverages & Tobacco,167.8,0.18
2019-12-01,03,Clothing & Footwear,93.8,-0.95
2019-12-01,04,"Housing, Water, Electricity, Gas & Other Fuels",122.2,1.75
2019-12-01,05,Furnishings & Household Maintenance,116.9,1.39
2019-12-01,06,Health,123.2,1.4
2019-12-01,07,Transport,114.9,-1.88
2019-12-01,08,Information & Communication,97.5,1.46
2019-12-01,09,"Recreation, Sport & Culture",112.2,0.63
2019-12-01,10,Education,120.3,1.69
2019-12-01,11,Restaurant & Accommodation Services,132.5,1.07
2019-12-01,12,Insurance & Financial Services,109.8,0.0
2019-12-01,13,Personal Care & Miscellaneous,114.2,2.42
2019-12-01,overall,Overall CPI,122.3,0.99
2020-01-01,01,Food & Beverages,134.1,0.9
2020-01-01,02,Alcoholic Beverages & Tobacco,167.7,0.12
2020-01-01,03,Clothing & Footwear,93.7,-1.16
2020-01-01,04,"Housing, Water, Electricity, Gas & Other Fuels",122.2,1.75
2020-01-01,05,Furnishings & Household Maintenance,116.9,1.21
2020-01-01,06,Health,123.5,1.4
2020-01-01,07,Transport,115.0,3.88
2020-01-01,08,Information & Communication,97.5,1.46
2020-01-01,09,"Recreation, Sport & Culture",112.4,0.9
2020-01-01,10,Education,120.8,1.68
2020-01-01,11,Restaurant & Accommodation Services,132.6,1.14
2020-01-01,12,Insurance & Financial Services,109.8,-0.09
2020-01-01,13,Personal Care & Miscellaneous,114.7,2.5
2020-01-01,overall,Overall CPI,122.4,1.58
2020-02-01,01,Food & Beverages,134.2,0.83
2020-02-01,02,Alcoholic Beverages & Tobacco,167.8,0.24
2020-02-01,03,Clothing & Footwear,93.7,-1.06
2020-02-01,04,"Housing, Water, Electricity, Gas & Other Fuels",122.6,1.57
2020-02-01,05,Furnishings & Household Maintenance,117.0,1.04
2020-02-01,06,Health,123.6,1.31
2020-02-01,07,Transport,113.9,2.43
2020-02-01,08,Information & Communication,97.5,1.46
2020-02-01,09,"Recreation, Sport & Culture",112.4,0.72
2020-02-01,10,Education,120.9,1.34
2020-02-01,11,Restaurant & Accommodation Services,132.8,1.14
2020-02-01,12,Insurance & Financial Services,109.8,-0.09
2020-02-01,13,Personal Care & Miscellaneous,114.6,2.5
2020-02-01,overall,Overall CPI,122.4,1.32
2020-03-01,01,Food & Beverages,134.1,1.21
2020-03-01,02,Alcoholic Beverages & Tobacco,168.0,0.3
2020-03-01,03,Clothing & Footwear,93.6,-1.27
2020-03-01,04,"Housing, Water, Electricity, Gas & Other Fuels",122.6,1.57
2020-03-01,05,Furnishings & Household Maintenance,117.0,0.78
2020-03-01,06,Health,124.0,1.39
2020-03-01,07,Transport,104.0,-8.85
2020-03-01,08,Information & Communication,97.5,1.46
2020-03-01,09,"Recreation, Sport & Culture",112.3,0.72
2020-03-01,10,Education,120.9,1.26
2020-03-01,11,Restaurant & Accommodation Services,132.5,0.91
2020-03-01,12,Insurance & Financial Services,109.9,0.0
2020-03-01,13,Personal Care & Miscellaneous,115.1,2.58
2020-03-01,overall,Overall CPI,120.9,-0.17
2020-04-01,01,Food & Beverages,133.9,1.21
2020-04-01,02,Alcoholic Beverages & Tobacco,168.0,0.18
2020-04-01,03,Clothing & Footwear,93.6,-1.16
2020-04-01,04,"Housing, Water, Electricity, Gas & Other Fuels",118.0,-2.24
2020-04-01,05,Furnishings & Household Maintenance,116.5,0.34
2020-04-01,06,Health,124.0,1.22
2020-04-01,07,Transport,90.0,-21.47
2020-04-01,08,Information & Communication,97.5,1.56
2020-04-01,09,"Recreation, Sport & Culture",112.3,0.63
2020-04-01,10,Education,120.8,1.17
2020-04-01,11,Restaurant & Accommodation Services,132.5,0.68
2020-04-01,12,Insurance & Financial Services,109.9,0.0
2020-04-01,13,Personal Care & Miscellaneous,114.9,2.32
2020-04-01,overall,Overall CPI,117.6,-2.89
2020-05-01,01,Food & Beverages,134.3,1.21
2020-05-01,02,Alcoholic Beverages & Tobacco,168.1,0.18
2020-05-01,03,Clothing & Footwear,93.6,-1.06
2020-05-01,04,"Housing, Water, Electricity, Gas & Other Fuels",117.9,-2.64
2020-05-01,05,Furnishings & Household Maintenance,116.3,-0.17
2020-05-01,06,Health,124.0,1.22
2020-05-01,07,Transport,90.9,-20.82
2020-05-01,08,Information & Communication,97.5,1.56
2020-05-01,09,"Recreation, Sport & Culture",112.3,0.72
2020-05-01,10,Education,120.7,1.0
2020-05-01,11,Restaurant & Accommodation Services,132.6,0.91
2020-05-01,12,Insurance & Financial Services,109.9,0.0
2020-05-01,13,Personal Care & Miscellaneous,115.5,2.85
2020-05-01,overall,Overall CPI,117.9,-2.88
2020-06-01,01,Food & Beverages,134.9,1.58
2020-06-01,02,Alcoholic Beverages & Tobacco,168.2,0.18
2020-06-01,03,Clothing & Footwear,93.5,-1.06
2020-06-01,04,"Housing, Water, Electricity, Gas & Other Fuels",117.9,-2.64
2020-06-01,05,Furnishings & Household Maintenance,116.4,-0.17
2020-06-01,06,Health,124.1,1.14
2020-06-01,07,Transport,98.0,-14.34
2020-06-01,08,Information & Communication,97.5,1.56
2020-06-01,09,"Recreation, Sport & Culture",112.3,0.63
2020-06-01,10,Education,120.5,0.84
2020-06-01,11,Restaurant & Accommodation Services,132.1,0.3
2020-06-01,12,Insurance & Financial Services,109.9,0.0
2020-06-01,13,Personal Care & Miscellaneous,116.0,3.02
2020-06-01,overall,Overall CPI,119.1,-1.89
2020-07-01,01,Food & Beverages,135.0,1.35
2020-07-01,02,Alcoholic Beverages & Tobacco,168.4,0.3
2020-07-01,03,Clothing & Footwear,93.5,-0.64
2020-07-01,04,"Housing, Water, Electricity, Gas & Other Fuels",117.9,-2.64
2020-07-01,05,Furnishings & Household Maintenance,116.7,-0.09
2020-07-01,06,Health,124.2,1.14
2020-07-01,07,Transport,102.8,-10.3
2020-07-01,08,Information & Communication,97.5,1.56
2020-07-01,09,"Recreation, Sport & Culture",112.3,0.72
2020-07-01,10,Education,121.0,1.17
2020-07-01,11,Restaurant & Accommodation Services,132.0,0.15
2020-07-01,12,Insurance & Financial Services,109.9,0.0
2020-07-01,13,Personal Care & Miscellaneous,116.3,2.92
2020-07-01,overall,Overall CPI,119.9,-1.32
2020-08-01,01,Food & Beverages,135.2,1.27
2020-08-01,02,Alcoholic Beverages & Tobacco,168.5,0.3
2020-08-01,03,Clothing & Footwear,93.5,-0.64
2020-08-01,04,"Housing, Water, Electricity, Gas & Other Fuels",118.1,-2.96
2020-08-01,05,Furnishings & Household Maintenance,116.7,-0.09
2020-08-01,06,Health,124.3,1.06
2020-08-01,07,Transport,103.2,-9.87
2020-08-01,08,Information & Communication,97.5,1.56
2020-08-01,09,"Recreation, Sport & Culture",112.2,0.63
2020-08-01,10,Education,121.0,1.09
2020-08-01,11,Restaurant & Accommodation Services,132.1,0.08
2020-08-01,12,Insurance & Financial Services,109.9,0.0
2020-08-01,13,Personal Care & Miscellaneous,117.1,3.08
2020-08-01,overall,Overall CPI,120.1,-1.4
2020-09-01,01,Food & Beverages,135.1,1.43
2020-09-01,02,Alcoholic Beverages & Tobacco,168.7,0.48
2020-09-01,03,Clothing & Footwear,93.5,-0.64
2020-09-01,04,"Housing, Water, Electricity, Gas & Other Fuels",118.1,-2.96
2020-09-01,05,Furnishings & Household Maintenance,116.8,0.09
2020-09-01,06,Health,124.3,1.14
2020-09-01,07,Transport,103.2,-9.95
2020-09-01,08,Information & Communication,97.5,1.56
2020-09-01,09,"Recreation, Sport & Culture",112.3,0.09
2020-09-01,10,Education,121.1,0.75
2020-09-01,11,Restaurant & Accommodation Services,132.3,0.08
2020-09-01,12,Insurance & Financial Services,109.9,0.0
2020-09-01,13,Personal Care & Miscellaneous,117.1,2.72
2020-09-01,overall,Overall CPI,120.1,-1.4
2020-10-01,01,Food & Beverages,135.3,1.5
2020-10-01,02,Alcoholic Beverages & Tobacco,168.7,0.48
2020-10-01,03,Clothing & Footwear,93.4,-0.43
2020-10-01,04,"Housing, Water, Electricity, Gas & Other Fuels",118.1,-2.96
2020-10-01,05,Furnishings & Household Maintenance,116.8,0.09
2020-10-01,06,Health,124.4,1.14
2020-10-01,07,Transport,103.1,-10.19
2020-10-01,08,Information & Communication,97.5,0.0
2020-10-01,09,"Recreation, Sport & Culture",112.4,0.18
2020-10-01,10,Education,121.1,0.67
2020-10-01,11,Restaurant & Accommodation Services,132.3,0.08
2020-10-01,12,Insurance & Financial Services,109.9,0.0
2020-10-01,13,Personal Care & Miscellaneous,117.0,2.81
2020-10-01,overall,Overall CPI,120.2,-1.48
2020-11-01,01,Food & Beverages,135.1,1.35
2020-11-01,02,Alcoholic Beverages & Tobacco,168.8,0.48
2020-11-01,03,Clothing & Footwear,93.4,-0.53
2020-11-01,04,"Housing, Water, Electricity, Gas & Other Fuels",118.2,-3.27
2020-11-01,05,Furnishings & Household Maintenance,116.7,-0.09
2020-11-01,06,Health,124.4,0.97
2020-11-01,07,Transport,102.1,-11.06
2020-11-01,08,Information & Communication,97.5,0.0
2020-11-01,09,"Recreation, Sport & Culture",112.4,0.09
2020-11-01,10,Education,121.0,0.58
2020-11-01,11,Restaurant & Accommodation Services,132.3,0.0
2020-11-01,12,Insurance & Financial Services,109.9,0.0
2020-11-01,13,Personal Care & Miscellaneous,116.9,2.27
2020-11-01,overall,Overall CPI,120.0,-1.72
2020-12-01,01,Food & Beverages,135.8,1.42
2020-12-01,02,Alcoholic Beverages & Tobacco,168.8,0.6
2020-12-01,03,Clothing & Footwear,93.4,-0.43
2020-12-01,04,"Housing, Water, Electricity, Gas & Other Fuels",118.2,-3.27
2020-12-01,05,Furnishings & Household Maintenance,116.8,-0.09
2020-12-01,06,Health,124.4,0.97
2020-12-01,07,Transport,105.2,-8.44
2020-12-01,08,Information & Communication,97.5,0.0
2020-12-01,09,"Recreation, Sport & Culture",112.4,0.18
2020-12-01,10,Education,121.0,0.58
2020-12-01,11,Restaurant & Accommodation Services,132.3,-0.15
2020-12-01,12,Insurance & Financial Services,109.9,0.09
2020-12-01,13,Personal Care & Miscellaneous,116.7,2.19
2020-12-01,overall,Overall CPI,120.6,-1.39
2021-01-01,01,Food & Beverages,136.1,1.49
2021-01-01,02,Alcoholic Beverages & Tobacco,168.9,0.72
2021-01-01,03,Clothing & Footwear,93.3,-0.43
2021-01-01,04,"Housing, Water, Electricity, Gas & Other Fuels",121.3,-0.74
2021-01-01,05,Furnishings & Household Maintenance,117.1,0.17
2021-01-01,06,Health,124.4,0.73
2021-01-01,07,Transport,109.1,-5.13
2021-01-01,08,Information & Communication,97.5,0.0
2021-01-01,09,"Recreation, Sport & Culture",112.5,0.09
2021-01-01,10,Education,121.0,0.17
2021-01-01,11,Restaurant & Accommodation Services,132.5,-0.08
2021-01-01,12,Insurance & Financial Services,109.9,0.09
2021-01-01,13,Personal Care & Miscellaneous,116.8,1.83
2021-01-01,overall,Overall CPI,122.1,-0.25
2021-02-01,01,Food & Beverages,136.1,1.42
2021-02-01,02,Alcoholic Beverages & Tobacco,168.9,0.66
2021-02-01,03,Clothing & Footwear,93.3,-0.43
2021-02-01,04,"Housing, Water, Electricity, Gas & Other Fuels",121.6,-0.82
2021-02-01,05,Furnishings & Household Maintenance,117.3,0.26
2021-02-01,06,Health,124.5,0.73
2021-02-01,07,Transport,111.6,-2.02
2021-02-01,08,Information & Communication,97.5,0.0
2021-02-01,09,"Recreation, Sport & Culture",112.5,0.09
2021-02-01,10,Education,121.0,0.08
2021-02-01,11,Restaurant & Accommodation Services,132.4,-0.3
2021-02-01,12,Insurance & Financial Services,109.9,0.09
2021-02-01,13,Personal Care & Miscellaneous,116.4,1.57
2021-02-01,overall,Overall CPI,122.5,0.08
2021-03-01,01,Food & Beverages,136.1,1.49
2021-03-01,02,Alcoholic Beverages & Tobacco,169.0,0.6
2021-03-01,03,Clothing & Footwear,93.3,-0.32
2021-03-01,04,"Housing, Water, Electricity, Gas & Other Fuels",121.6,-0.82
2021-03-01,05,Furnishings & Household Maintenance,118.0,0.85
2021-03-01,06,Health,124.6,0.48
2021-03-01,07,Transport,114.2,9.81
2021-03-01,08,Information & Communication,97.5,0.0
2021-03-01,09,"Recreation, Sport & Culture",112.9,0.53
2021-03-01,10,Education,120.9,0.0
2021-03-01,11,Restaurant & Accommodation Services,132.5,0.0
2021-03-01,12,Insurance & Financial Services,109.9,0.0
2021-03-01,13,Personal Care & Miscellaneous,116.2,0.96
2021-03-01,overall,Overall CPI,122.9,1.65
2021-04-01,01,Food & Beverages,136.5,1.94
2021-04-01,02,Alcoholic Beverages & Tobacco,169.1,0.65
2021-04-01,03,Clothing & Footwear,93.2,-0.43
2021-04-01,04,"Housing, Water, Electricity, Gas & Other Fuels",121.7,3.14
2021-04-01,05,Furnishings & Household Maintenance,118.4,1.63
2021-04-01,06,Health,124.6,0.48
2021-04-01,07,Transport,114.3,27.0
2021-04-01,08,Information & Communication,97.5,0.0
2021-04-01,09,"Recreation, Sport & Culture",113.1,0.71
2021-04-01,10,Education,121.1,0.25
2021-04-01,11,Restaurant & Accommodation Services,132.7,0.15
2021-04-01,12,Insurance & Financial Services,109.9,0.0
2021-04-01,13,Personal Care & Miscellaneous,116.3,1.22
2021-04-01,overall,Overall CPI,123.1,4.68
2021-05-01,01,Food & Beverages,136.3,1.49
2021-05-01,02,Alcoholic Beverages & Tobacco,169.2,0.65
2021-05-01,03,Clothing & Footwear,93.1,-0.53
2021-05-01,04,"Housing, Water, Electricity, Gas & Other Fuels",121.7,3.22
2021-05-01,05,Furnishings & Household Maintenance,118.7,2.06
2021-05-01,06,Health,124.7,0.56
2021-05-01,07,Transport,114.5,25.96
2021-05-01,08,Information & Communication,97.5,0.0
2021-05-01,09,"Recreation, Sport & Culture",113.0,0.62
2021-05-01,10,Education,121.1,0.33
2021-05-01,11,Restaurant & Accommodation Services,132.8,0.15
2021-05-01,12,Insurance & Financial Services,109.9,0.0
2021-05-01,13,Personal Care & Miscellaneous,116.3,0.69
2021-05-01,overall,Overall CPI,123.1,4.41
2021-06-01,01,Food & Beverages,136.7,1.33
2021-06-01,02,Alcoholic Beverages & Tobacco,169.3,0.65
2021-06-01,03,Clothing & Footwear,93.1,-0.43
2021-06-01,04,"Housing, Water, Electricity, Gas & Other Fuels",121.7,3.22
2021-06-01,05,Furnishings & Household Maintenance,118.7,1.98
2021-06-01,06,Health,124.7,0.48
2021-06-01,07,Transport,114.3,16.63
2021-06-01,08,Information & Communication,97.5,0.0
2021-06-01,09,"Recreation, Sport & Culture",113.0,0.62
2021-06-01,10,Education,121.1,0.5
2021-06-01,11,Restaurant & Accommodation Services,132.8,0.53
2021-06-01,12,Insurance & Financial Services,109.9,0.0
2021-06-01,13,Personal Care & Miscellaneous,116.4,0.34
2021-06-01,overall,Overall CPI,123.2,3.44
2021-07-01,01,Food & Beverages,136.7,1.26
2021-07-01,02,Alcoholic Beverages & Tobacco,169.2,0.48
2021-07-01,03,Clothing & Footwear,93.1,-0.43
2021-07-01,04,"Housing, Water, Electricity, Gas & Other Fuels",118.7,0.68
2021-07-01,05,Furnishings & Household Maintenance,118.7,1.71
2021-07-01,06,Health,124.7,0.4
2021-07-01,07,Transport,114.7,11.58
2021-07-01,08,Information & Communication,97.5,0.0
2021-07-01,09,"Recreation, Sport & Culture",113.0,0.62
2021-07-01,10,Education,121.1,0.08
2021-07-01,11,Restaurant & Accommodation Services,132.9,0.68
2021-07-01,12,Insurance & Financial Services,109.9,0.0
2021-07-01,13,Personal Care & Miscellaneous,116.4,0.09
2021-07-01,overall,Overall CPI,122.5,2.17
2021-08-01,01,Food & Beverages,136.8,1.18
2021-08-01,02,Alcoholic Beverages & Tobacco,169.2,0.42
2021-08-01,03,Clothing & Footwear,93.1,-0.43
2021-08-01,04,"Housing, Water, Electricity, Gas & Other Fuels",118.8,0.59
2021-08-01,05,Furnishings & Household Maintenance,118.7,1.71
2021-08-01,06,Health,124.7,0.32
2021-08-01,07,Transport,114.6,11.05
2021-08-01,08,Information & Communication,97.5,0.0
2021-08-01,09,"Recreation, Sport & Culture",113.0,0.71
2021-08-01,10,Education,121.0,0.0
2021-08-01,11,Restaurant & Accommodation Services,132.9,0.61
2021-08-01,12,Insurance & Financial Services,109.9,0.0
2021-08-01,13,Personal Care & Miscellaneous,116.4,-0.6
2021-08-01,overall,Overall CPI,122.5,2.0
2021-09-01,01,Food & Beverages,137.6,1.85
2021-09-01,02,Alcoholic Beverages & Tobacco,169.3,0.36
2021-09-01,03,Clothing & Footwear,93.0,-0.53
2021-09-01,04,"Housing, Water, Electricity, Gas & Other Fuels",118.9,0.68
2021-09-01,05,Furnishings & Household Maintenance,118.8,1.71
2021-09-01,06,Health,124.7,0.32
2021-09-01,07,Transport,114.6,11.05
2021-09-01,08,Information & Communication,97.5,0.0
2021-09-01,09,"Recreation, Sport & Culture",113.0,0.62
2021-09-01,10,Education,121.0,-0.08
2021-09-01,11,Restaurant & Accommodation Services,132.7,0.3
2021-09-01,12,Insurance & Financial Services,109.9,0.0
2021-09-01,13,Personal Care & Miscellaneous,116.5,-0.51
2021-09-01,overall,Overall CPI,122.8,2.25
2021-10-01,01,Food & Beverages,137.9,1.92
2021-10-01,02,Alcoholic Beverages & Tobacco,169.2,0.3
2021-10-01,03,Clothing & Footwear,93.0,-0.43
2021-10-01,04,"Housing, Water, Electricity, Gas & Other Fuels",121.9,3.22
2021-10-01,05,Furnishings & Household Maintenance,119.3,2.14
2021-10-01,06,Health,124.7,0.24
2021-10-01,07,Transport,114.8,11.35
2021-10-01,08,Information & Communication,97.5,0.0
2021-10-01,09,"Recreation, Sport & Culture",112.6,0.18
2021-10-01,10,Education,121.0,-0.08
2021-10-01,11,Restaurant & Accommodation Services,133.1,0.6
2021-10-01,12,Insurance & Financial Services,109.9,0.0
2021-10-01,13,Personal Care & Miscellaneous,116.8,-0.17
2021-10-01,overall,Overall CPI,123.7,2.91
2021-11-01,01,Food & Beverages,138.7,2.66
2021-11-01,02,Alcoholic Beverages & Tobacco,169.3,0.3
2021-11-01,03,Clothing & Footwear,93.0,-0.43
2021-11-01,04,"Housing, Water, Electricity, Gas & Other Fuels",122.2,3.38
2021-11-01,05,Furnishings & Household Maintenance,119.7,2.57
2021-11-01,06,Health,124.7,0.24
2021-11-01,07,Transport,115.1,12.73
2021-11-01,08,Information & Communication,97.5,0.0
2021-11-01,09,"Recreation, Sport & Culture",112.6,0.18
2021-11-01,10,Education,121.1,0.08
2021-11-01,11,Restaurant & Accommodation Services,133.5,0.91
2021-11-01,12,Insurance & Financial Services,109.9,0.0
2021-11-01,13,Personal Care & Miscellaneous,117.0,0.09
2021-11-01,overall,Overall CPI,124.0,3.33
2021-12-01,01,Food & Beverages,140.1,3.17
2021-12-01,02,Alcoholic Beverages & Tobacco,169.3,0.3
2021-12-01,03,Clothing & Footwear,93.0,-0.43
2021-12-01,04,"Housing, Water, Electricity, Gas & Other Fuels",122.2,3.38
2021-12-01,05,Furnishings & Household Maintenance,120.0,2.74
2021-12-01,06,Health,124.7,0.24
2021-12-01,07,Transport,115.2,9.51
2021-12-01,08,Information & Communication,97.5,0.0
2021-12-01,09,"Recreation, Sport & Culture",112.9,0.44
2021-12-01,10,Education,121.2,0.17
2021-12-01,11,Restaurant & Accommodation Services,134.0,1.28
2021-12-01,12,Insurance & Financial Services,109.9,0.0
2021-12-01,13,Personal Care & Miscellaneous,117.2,0.43
2021-12-01,overall,Overall CPI,124.5,3.23
2022-01-01,01,Food & Beverages,141.0,3.6
2022-01-01,02,Alcoholic Beverages & Tobacco,169.5,0.36
2022-01-01,03,Clothing & Footwear,93.0,-0.32
2022-01-01,04,"Housing, Water, Electricity, Gas & Other Fuels",122.2,0.74
2022-01-01,05,Furnishings & Household Maintenance,120.7,3.07
2022-01-01,06,Health,124.8,0.32
2022-01-01,07,Transport,115.7,6.05
2022-01-01,08,Information & Communication,97.5,0.0
2022-01-01,09,"Recreation, Sport & Culture",113.8,1.16
2022-01-01,10,Education,121.8,0.66
2022-01-01,11,Restaurant & Accommodation Services,135.3,2.11
2022-01-01,12,Insurance & Financial Services,109.9,0.0
2022-01-01,13,Personal Care & Miscellaneous,117.5,0.6
2022-01-01,overall,Overall CPI,124.9,2.29
2022-02-01,01,Food & Beverages,141.2,3.75
2022-02-01,02,Alcoholic Beverages & Tobacco,169.5,0.36
2022-02-01,03,Clothing & Footwear,93.1,-0.21
2022-02-01,04,"Housing, Water, Electricity, Gas & Other Fuels",122.6,0.82
2022-02-01,05,Furnishings & Household Maintenance,121.0,3.15
2022-02-01,06,Health,125.1,0.48
2022-02-01,07,Transport,115.9,3.85
2022-02-01,08,Information & Communication,97.5,0.0
2022-02-01,09,"Recreation, Sport & Culture",114.3,1.6
2022-02-01,10,Education,121.9,0.74
2022-02-01,11,Restaurant & Accommodation Services,135.8,2.57
2022-02-01,12,Insurance & Financial Services,109.9,0.0
2022-02-01,13,Personal Care & Miscellaneous,117.7,1.12
2022-02-01,overall,Overall CPI,125.2,2.2
2022-03-01,01,Food & Beverages,141.6,4.04
2022-03-01,02,Alcoholic Beverages & Tobacco,169.8,0.47
2022-03-01,03,Clothing & Footwear,93.0,-0.32
2022-03-01,04,"Housing, Water, Electricity, Gas & Other Fuels",122.7,0.9
2022-03-01,05,Furnishings & Household Maintenance,121.5,2.97
2022-03-01,06,Health,124.8,0.16
2022-03-01,07,Transport,117.2,2.63
2022-03-01,08,Information & Communication,97.5,0.0
2022-03-01,09,"Recreation, Sport & Culture",114.1,1.06
2022-03-01,10,Education,122.0,0.91
2022-03-01,11,Restaurant & Accommodation Services,136.4,2.94
2022-03-01,12,Insurance & Financial Services,109.9,0.0
2022-03-01,13,Personal Care & Miscellaneous,118.4,1.89
2022-03-01,overall,Overall CPI,125.6,2.2
2022-04-01,01,Food & Beverages,142.1,4.1
2022-04-01,02,Alcoholic Beverages & Tobacco,169.9,0.47
2022-04-01,03,Clothing & Footwear,93.0,-0.21
2022-04-01,04,"Housing, Water, Electricity, Gas & Other Fuels",122.7,0.82
2022-04-01,05,Furnishings & Household Maintenance,121.6,2.7
2022-04-01,06,Health,124.9,0.24
2022-04-01,07,Transport,117.7,2.97
2022-04-01,08,Information & Communication,97.5,0.0
2022-04-01,09,"Recreation, Sport & Culture",114.6,1.33
2022-04-01,10,Education,122.3,0.99
2022-04-01,11,Restaurant & Accommodation Services,136.9,3.17
2022-04-01,12,Insurance & Financial Services,109.9,0.0
2022-04-01,13,Personal Care & Miscellaneous,118.4,1.81
2022-04-01,overall,Overall CPI,125.9,2.27
2022-05-01,01,Food & Beverages,143.4,5.21
2022-05-01,02,Alcoholic Beverages & Tobacco,169.9,0.41
2022-05-01,03,Clothing & Footwear,93.1,0.0
2022-05-01,04,"Housing, Water, Electricity, Gas & Other Fuels",123.1,1.15
2022-05-01,05,Furnishings & Household Maintenance,122.2,2.95
2022-05-01,06,Health,125.2,0.4
2022-05-01,07,Transport,119.0,3.93
2022-05-01,08,Information & Communication,97.5,0.0
2022-05-01,09,"Recreation, Sport & Culture",115.0,1.77
2022-05-01,10,Education,122.3,0.99
2022-05-01,11,Restaurant & Accommodation Services,137.7,3.69
2022-05-01,12,Insurance & Financial Services,109.9,0.0
2022-05-01,13,Personal Care & Miscellaneous,118.5,1.89
2022-05-01,overall,Overall CPI,126.6,2.84
2022-06-01,01,Food & Beverages,145.1,6.14
2022-06-01,02,Alcoholic Beverages & Tobacco,170.0,0.41
2022-06-01,03,Clothing & Footwear,93.3,0.21
2022-06-01,04,"Housing, Water, Electricity, Gas & Other Fuels",123.1,1.15
2022-06-01,05,Furnishings & Household Maintenance,122.7,3.37
2022-06-01,06,Health,125.4,0.56
2022-06-01,07,Transport,120.5,5.42
2022-06-01,08,Information & Communication,97.5,0.0
2022-06-01,09,"Recreation, Sport & Culture",115.5,2.21
2022-06-01,10,Education,122.4,1.07
2022-06-01,11,Restaurant & Accommodation Services,139.5,5.05
2022-06-01,12,Insurance & Financial Services,110.2,0.27
2022-06-01,13,Personal Care & Miscellaneous,119.0,2.23
2022-06-01,overall,Overall CPI,127.4,3.41
2022-07-01,01,Food & Beverages,146.1,6.88
2022-07-01,02,Alcoholic Beverages & Tobacco,170.2,0.59
2022-07-01,03,Clothing & Footwear,93.4,0.32
2022-07-01,04,"Housing, Water, Electricity, Gas & Other Fuels",123.2,3.79
2022-07-01,05,Furnishings & Household Maintenance,123.4,3.96
2022-07-01,06,Health,125.7,0.8
2022-07-01,07,Transport,121.1,5.58
2022-07-01,08,Information & Communication,97.5,0.0
2022-07-01,09,"Recreation, Sport & Culture",115.8,2.48
2022-07-01,10,Education,122.5,1.16
2022-07-01,11,Restaurant & Accommodation Services,140.6,5.79
2022-07-01,12,Insurance & Financial Services,110.2,0.27
2022-07-01,13,Personal Care & Miscellaneous,118.9,2.15
2022-07-01,overall,Overall CPI,127.9,4.41
2022-08-01,01,Food & Beverages,146.6,7.16
2022-08-01,02,Alcoholic Beverages & Tobacco,170.3,0.65
2022-08-01,03,Clothing & Footwear,93.4,0.32
2022-08-01,04,"Housing, Water, Electricity, Gas & Other Fuels",123.7,4.12
2022-08-01,05,Furnishings & Household Maintenance,123.8,4.3
2022-08-01,06,Health,125.8,0.88
2022-08-01,07,Transport,120.6,5.24
2022-08-01,08,Information & Communication,97.5,0.0
2022-08-01,09,"Recreation, Sport & Culture",116.1,2.74
2022-08-01,10,Education,122.5,1.24
2022-08-01,11,Restaurant & Accommodation Services,141.4,6.4
2022-08-01,12,Insurance & Financial Services,110.2,0.27
2022-08-01,13,Personal Care & Miscellaneous,119.2,2.41
2022-08-01,overall,Overall CPI,128.2,4.65
2022-09-01,01,Food & Beverages,147.0,6.83
2022-09-01,02,Alcoholic Beverages & Tobacco,170.5,0.71
2022-09-01,03,Clothing & Footwear,93.4,0.43
2022-09-01,04,"Housing, Water, Electricity, Gas & Other Fuels",123.7,4.04
2022-09-01,05,Furnishings & Household Maintenance,124.0,4.38
2022-09-01,06,Health,125.9,0.96
2022-09-01,07,Transport,120.7,5.32
2022-09-01,08,Information & Communication,97.5,0.0
2022-09-01,09,"Recreation, Sport & Culture",116.5,3.1
2022-09-01,10,Education,122.6,1.32
2022-09-01,11,Restaurant & Accommodation Services,141.8,6.86
2022-09-01,12,Insurance & Financial Services,110.2,0.27
2022-09-01,13,Personal Care & Miscellaneous,119.3,2.4
2022-09-01,overall,Overall CPI,128.3,4.48
2022-10-01,01,Food & Beverages,147.7,7.11
2022-10-01,02,Alcoholic Beverages & Tobacco,170.6,0.83
2022-10-01,03,Clothing & Footwear,93.4,0.43
2022-10-01,04,"Housing, Water, Electricity, Gas & Other Fuels",123.7,1.48
2022-10-01,05,Furnishings & Household Maintenance,124.2,4.11
2022-10-01,06,Health,126.0,1.04
2022-10-01,07,Transport,120.8,5.23
2022-10-01,08,Information & Communication,97.5,0.0
2022-10-01,09,"Recreation, Sport & Culture",116.4,3.37
2022-10-01,10,Education,122.7,1.4
2022-10-01,11,Restaurant & Accommodation Services,142.2,6.84
2022-10-01,12,Insurance & Financial Services,110.2,0.27
2022-10-01,13,Personal Care & Miscellaneous,119.6,2.4
2022-10-01,overall,Overall CPI,128.6,3.96
2022-11-01,01,Food & Beverages,148.8,7.28
2022-11-01,02,Alcoholic Beverages & Tobacco,170.7,0.83
2022-11-01,03,Clothing & Footwear,93.4,0.43
2022-11-01,04,"Housing, Water, Electricity, Gas & Other Fuels",123.9,1.39
2022-11-01,05,Furnishings & Household Maintenance,124.3,3.84
2022-11-01,06,Health,126.4,1.36
2022-11-01,07,Transport,120.8,4.95
2022-11-01,08,Information & Communication,97.5,0.0
2022-11-01,09,"Recreation, Sport & Culture",116.6,3.55
2022-11-01,10,Education,122.9,1.49
2022-11-01,11,Restaurant & Accommodation Services,142.9,7.04
2022-11-01,12,Insurance & Financial Services,110.2,0.27
2022-11-01,13,Personal Care & Miscellaneous,120.0,2.56
2022-11-01,overall,Overall CPI,129.0,4.03
2022-12-01,01,Food & Beverages,149.6,6.78
2022-12-01,02,Alcoholic Beverages & Tobacco,170.5,0.71
2022-12-01,03,Clothing & Footwear,93.4,0.43
2022-12-01,04,"Housing, Water, Electricity, Gas & Other Fuels",124.0,1.47
2022-12-01,05,Furnishings & Household Maintenance,124.4,3.67
2022-12-01,06,Health,126.3,1.28
2022-12-01,07,Transport,120.9,4.95
2022-12-01,08,Information & Communication,97.4,-0.1
2022-12-01,09,"Recreation, Sport & Culture",115.6,2.39
2022-12-01,10,Education,122.9,1.4
2022-12-01,11,Restaurant & Accommodation Services,143.9,7.39
2022-12-01,12,Insurance & Financial Services,110.2,0.27
2022-12-01,13,Personal Care & Miscellaneous,119.9,2.3
2022-12-01,overall,Overall CPI,129.2,3.78
2023-01-01,01,Food & Beverages,150.5,6.74
2023-01-01,02,Alcoholic Beverages & Tobacco,170.8,0.77
2023-01-01,03,Clothing & Footwear,93.5,0.54
2023-01-01,04,"Housing, Water, Electricity, Gas & Other Fuels",124.0,1.47
2023-01-01,05,Furnishings & Household Maintenance,124.9,3.48
2023-01-01,06,Health,126.8,1.6
2023-01-01,07,Transport,120.3,3.98
2023-01-01,08,Information & Communication,96.1,-1.44
2023-01-01,09,"Recreation, Sport & Culture",116.9,2.72
2023-01-01,10,Education,123.4,1.31
2023-01-01,11,Restaurant & Accommodation Services,144.5,6.8
2023-01-01,12,Insurance & Financial Services,110.2,0.27
2023-01-01,13,Personal Care & Miscellaneous,120.2,2.3
2023-01-01,overall,Overall CPI,129.5,3.68
2023-02-01,01,Food & Beverages,151.1,7.01
2023-02-01,02,Alcoholic Beverages & Tobacco,170.8,0.77
2023-02-01,03,Clothing & Footwear,93.5,0.43
2023-02-01,04,"Housing, Water, Electricity, Gas & Other Fuels",124.7,1.71
2023-02-01,05,Furnishings & Household Maintenance,125.1,3.39
2023-02-01,06,Health,127.4,1.84
2023-02-01,07,Transport,120.2,3.71
2023-02-01,08,Information & Communication,96.1,-1.44
2023-02-01,09,"Recreation, Sport & Culture",116.3,1.75
2023-02-01,10,Education,123.9,1.64
2023-02-01,11,Restaurant & Accommodation Services,145.8,7.36
2023-02-01,12,Insurance & Financial Services,110.3,0.36
2023-02-01,13,Personal Care & Miscellaneous,120.6,2.46
2023-02-01,overall,Overall CPI,129.8,3.67
2023-03-01,01,Food & Beverages,151.3,6.85
2023-03-01,02,Alcoholic Beverages & Tobacco,170.9,0.65
2023-03-01,03,Clothing & Footwear,93.5,0.54
2023-03-01,04,"Housing, Water, Electricity, Gas & Other Fuels",124.7,1.63
2023-03-01,05,Furnishings & Household Maintenance,125.3,3.13
2023-03-01,06,Health,127.5,2.16
2023-03-01,07,Transport,120.0,2.39
2023-03-01,08,Information & Communication,96.1,-1.44
2023-03-01,09,"Recreation, Sport & Culture",116.3,1.93
2023-03-01,10,Education,124.1,1.72
2023-03-01,11,Restaurant & Accommodation Services,146.2,7.18
2023-03-01,12,Insurance & Financial Services,110.3,0.36
2023-03-01,13,Personal Care & Miscellaneous,120.9,2.11
2023-03-01,overall,Overall CPI,129.9,3.42
2023-04-01,01,Food & Beverages,151.1,6.33
2023-04-01,02,Alcoholic Beverages & Tobacco,171.0,0.65
2023-04-01,03,Clothing & Footwear,93.5,0.54
2023-04-01,04,"Housing, Water, Electricity, Gas & Other Fuels",124.7,1.63
2023-04-01,05,Furnishings & Household Maintenance,125.3,3.04
2023-04-01,06,Health,127.5,2.08
2023-04-01,07,Transport,120.4,2.29
2023-04-01,08,Information & Communication,96.1,-1.44
2023-04-01,09,"Recreation, Sport & Culture",116.7,1.83
2023-04-01,10,Education,124.3,1.64
2023-04-01,11,Restaurant & Accommodation Services,146.0,6.65
2023-04-01,12,Insurance & Financial Services,110.3,0.36
2023-04-01,13,Personal Care & Miscellaneous,121.4,2.53
2023-04-01,overall,Overall CPI,130.0,3.26
2023-05-01,01,Food & Beverages,151.8,5.86
2023-05-01,02,Alcoholic Beverages & Tobacco,171.1,0.71
2023-05-01,03,Clothing & Footwear,93.5,0.43
2023-05-01,04,"Housing, Water, Electricity, Gas & Other Fuels",125.3,1.79
2023-05-01,05,Furnishings & Household Maintenance,125.5,2.7
2023-05-01,06,Health,127.6,1.92
2023-05-01,07,Transport,120.2,1.01
2023-05-01,08,Information & Communication,93.9,-3.69
2023-05-01,09,"Recreation, Sport & Culture",117.1,1.83
2023-05-01,10,Education,124.6,1.88
2023-05-01,11,Restaurant & Accommodation Services,146.9,6.68
2023-05-01,12,Insurance & Financial Services,110.3,0.36
2023-05-01,13,Personal Care & Miscellaneous,121.9,2.87
2023-05-01,overall,Overall CPI,130.2,2.84
2023-06-01,01,Food & Beverages,151.9,4.69
2023-06-01,02,Alcoholic Beverages & Tobacco,171.1,0.65
2023-06-01,03,Clothing & Footwear,93.4,0.11
2023-06-01,04,"Housing, Water, Electricity, Gas & Other Fuels",125.3,1.79
2023-06-01,05,Furnishings & Household Maintenance,125.5,2.28
2023-06-01,06,Health,127.9,1.99
2023-06-01,07,Transport,120.5,0.0
2023-06-01,08,Information & Communication,94.0,-3.59
2023-06-01,09,"Recreation, Sport & Culture",117.4,1.65
2023-06-01,10,Education,124.7,1.88
2023-06-01,11,Restaurant & Accommodation Services,147.1,5.45
2023-06-01,12,Insurance & Financial Services,110.3,0.09
2023-06-01,13,Personal Care & Miscellaneous,122.1,2.61
2023-06-01,overall,Overall CPI,130.4,2.35
2023-07-01,01,Food & Beverages,152.5,4.38
2023-07-01,02,Alcoholic Beverages & Tobacco,171.1,0.53
2023-07-01,03,Clothing & Footwear,93.5,0.11
2023-07-01,04,"Housing, Water, Electricity, Gas & Other Fuels",125.3,1.7
2023-07-01,05,Furnishings & Household Maintenance,125.7,1.86
2023-07-01,06,Health,128.2,1.99
2023-07-01,07,Transport,120.6,-0.41
2023-07-01,08,Information & Communication,93.9,-3.69
2023-07-01,09,"Recreation, Sport & Culture",117.1,1.12
2023-07-01,10,Education,124.9,1.96
2023-07-01,11,Restaurant & Accommodation Services,147.6,4.98
2023-07-01,12,Insurance & Financial Services,110.2,0.0
2023-07-01,13,Personal Care & Miscellaneous,122.0,2.61
2023-07-01,overall,Overall CPI,130.5,2.03
2023-08-01,01,Food & Beverages,152.6,4.09
2023-08-01,02,Alcoholic Beverages & Tobacco,171.1,0.47
2023-08-01,03,Clothing & Footwear,93.4,0.0
2023-08-01,04,"Housing, Water, Electricity, Gas & Other Fuels",125.7,1.62
2023-08-01,05,Furnishings & Household Maintenance,125.9,1.7
2023-08-01,06,Health,128.8,2.38
2023-08-01,07,Transport,120.6,0.0
2023-08-01,08,Information & Communication,93.9,-3.69
2023-08-01,09,"Recreation, Sport & Culture",117.3,1.03
2023-08-01,10,Education,125.1,2.12
2023-08-01,11,Restaurant & Accommodation Services,148.0,4.67
2023-08-01,12,Insurance & Financial Services,110.2,0.0
2023-08-01,13,Personal Care & Miscellaneous,122.1,2.43
2023-08-01,overall,Overall CPI,130.7,1.95
2023-09-01,01,Food & Beverages,152.8,3.95
2023-09-01,02,Alcoholic Beverages & Tobacco,171.7,0.7
2023-09-01,03,Clothing & Footwear,93.5,0.11
2023-09-01,04,"Housing, Water, Electricity, Gas & Other Fuels",125.7,1.62
2023-09-01,05,Furnishings & Household Maintenance,125.9,1.53
2023-09-01,06,Health,128.7,2.22
2023-09-01,07,Transport,120.6,-0.08
2023-09-01,08,Information & Communication,93.9,-3.69
2023-09-01,09,"Recreation, Sport & Culture",117.2,0.6
2023-09-01,10,Education,125.1,2.04
2023-09-01,11,Restaurant & Accommodation Services,148.1,4.44
2023-09-01,12,Insurance & Financial Services,110.2,0.0
2023-09-01,13,Personal Care & Miscellaneous,122.3,2.51
2023-09-01,overall,Overall CPI,130.8,1.95
2023-10-01,01,Food & Beverages,153.0,3.59
2023-10-01,02,Alcoholic Beverages & Tobacco,171.7,0.64
2023-10-01,03,Clothing & Footwear,93.4,0.0
2023-10-01,04,"Housing, Water, Electricity, Gas & Other Fuels",125.7,1.62
2023-10-01,05,Furnishings & Household Maintenance,126.0,1.45
2023-10-01,06,Health,129.0,2.38
2023-10-01,07,Transport,120.8,0.0
2023-10-01,08,Information & Communication,93.9,-3.69
2023-10-01,09,"Recreation, Sport & Culture",117.2,0.69
2023-10-01,10,Education,125.3,2.12
2023-10-01,11,Restaurant & Accommodation Services,148.8,4.64
2023-10-01,12,Insurance & Financial Services,110.2,0.0
2023-10-01,13,Personal Care & Miscellaneous,122.3,2.26
2023-10-01,overall,Overall CPI,130.9,1.79
2023-11-01,01,Food & Beverages,152.6,2.55
2023-11-01,02,Alcoholic Beverages & Tobacco,171.8,0.64
2023-11-01,03,Clothing & Footwear,93.4,0.0
2023-11-01,04,"Housing, Water, Electricity, Gas & Other Fuels",126.0,1.69
2023-11-01,05,Furnishings & Household Maintenance,126.1,1.45
2023-11-01,06,Health,129.3,2.29
2023-11-01,07,Transport,120.9,0.08
2023-11-01,08,Information & Communication,93.9,-3.69
2023-11-01,09,"Recreation, Sport & Culture",117.3,0.6
2023-11-01,10,Education,125.3,1.95
2023-11-01,11,Restaurant & Accommodation Services,149.0,4.27
2023-11-01,12,Insurance & Financial Services,110.2,0.0
2023-11-01,13,Personal Care & Miscellaneous,122.8,2.33
2023-11-01,overall,Overall CPI,130.9,1.47
2023-12-01,01,Food & Beverages,153.0,2.27
2023-12-01,02,Alcoholic Beverages & Tobacco,171.6,0.65
2023-12-01,03,Clothing & Footwear,93.4,0.0
2023-12-01,04,"Housing, Water, Electricity, Gas & Other Fuels",126.0,1.61
2023-12-01,05,Furnishings & Household Maintenance,126.1,1.37
2023-12-01,06,Health,129.5,2.53
2023-12-01,07,Transport,121.3,0.33
2023-12-01,08,Information & Communication,93.8,-3.7
2023-12-01,09,"Recreation, Sport & Culture",117.8,1.9
2023-12-01,10,Education,125.3,1.95
2023-12-01,11,Restaurant & Accommodation Services,149.2,3.68
2023-12-01,12,Insurance & Financial Services,110.2,0.0
2023-12-01,13,Personal Care & Miscellaneous,123.1,2.67
2023-12-01,overall,Overall CPI,131.2,1.55
2024-01-01,01,Food & Beverages,153.5,1.99
2024-01-01,02,Alcoholic Beverages & Tobacco,171.5,0.41
2024-01-01,03,Clothing & Footwear,93.3,-0.21
2024-01-01,04,"Housing, Water, Electricity, Gas & Other Fuels",126.5,2.02
2024-01-01,05,Furnishings & Household Maintenance,126.1,0.96
2024-01-01,06,Health,129.8,2.37
2024-01-01,07,Transport,121.2,0.75
2024-01-01,08,Information & Communication,93.8,-2.39
2024-01-01,09,"Recreation, Sport & Culture",117.8,0.77
2024-01-01,10,Education,125.5,1.7
2024-01-01,11,Restaurant & Accommodation Services,149.1,3.18
2024-01-01,12,Insurance & Financial Services,110.2,0.0
2024-01-01,13,Personal Care & Miscellaneous,123.2,2.5
2024-01-01,overall,Overall CPI,131.4,1.47
2024-02-01,01,Food & Beverages,153.9,1.85
2024-02-01,02,Alcoholic Beverages & Tobacco,171.5,0.41
2024-02-01,03,Clothing & Footwear,93.3,-0.21
2024-02-01,04,"Housing, Water, Electricity, Gas & Other Fuels",128.1,2.73
2024-02-01,05,Furnishings & Household Maintenance,126.2,0.88
2024-02-01,06,Health,130.2,2.2
2024-02-01,07,Transport,121.7,1.25
2024-02-01,08,Information & Communication,93.8,-2.39
2024-02-01,09,"Recreation, Sport & Culture",118.2,1.63
2024-02-01,10,Education,125.7,1.45
2024-02-01,11,Restaurant & Accommodation Services,150.0,2.88
2024-02-01,12,Insurance & Financial Services,110.2,-0.09
2024-02-01,13,Personal Care & Miscellaneous,123.6,2.49
2024-02-01,overall,Overall CPI,132.1,1.77
2024-03-01,01,Food & Beverages,153.9,1.72
2024-03-01,02,Alcoholic Beverages & Tobacco,171.8,0.53
2024-03-01,03,Clothing & Footwear,93.3,-0.21
2024-03-01,04,"Housing, Water, Electricity, Gas & Other Fuels",128.5,3.05
2024-03-01,05,Furnishings & Household Maintenance,126.4,0.88
2024-03-01,06,Health,130.2,2.12
2024-03-01,07,Transport,121.5,1.25
2024-03-01,08,Information & Communication,93.8,-2.39
2024-03-01,09,"Recreation, Sport & Culture",118.0,1.46
2024-03-01,10,Education,125.9,1.45
2024-03-01,11,Restaurant & Accommodation Services,150.6,3.01
2024-03-01,12,Insurance & Financial Services,110.2,-0.09
2024-03-01,13,Personal Care & Miscellaneous,124.1,2.65
2024-03-01,overall,Overall CPI,132.2,1.77
2024-04-01,01,Food & Beverages,154.1,1.99
2024-04-01,02,Alcoholic Beverages & Tobacco,171.9,0.53
2024-04-01,03,Clothing & Footwear,93.2,-0.32
2024-04-01,04,"Housing, Water, Electricity, Gas & Other Fuels",128.5,3.05
2024-04-01,05,Furnishings & Household Maintenance,126.5,0.96
2024-04-01,06,Health,130.4,2.27
2024-04-01,07,Transport,121.4,0.83
2024-04-01,08,Information & Communication,93.7,-2.5
2024-04-01,09,"Recreation, Sport & Culture",119.0,1.97
2024-04-01,10,Education,126.1,1.45
2024-04-01,11,Restaurant & Accommodation Services,151.1,3.49
2024-04-01,12,Insurance & Financial Services,110.2,-0.09
2024-04-01,13,Personal Care & Miscellaneous,125.2,3.13
2024-04-01,overall,Overall CPI,132.4,1.85
2024-05-01,01,Food & Beverages,154.5,1.78
2024-05-01,02,Alcoholic Beverages & Tobacco,172.2,0.64
2024-05-01,03,Clothing & Footwear,93.3,-0.21
2024-05-01,04,"Housing, Water, Electricity, Gas & Other Fuels",129.3,3.19
2024-05-01,05,Furnishings & Household Maintenance,126.5,0.8
2024-05-01,06,Health,130.4,2.19
2024-05-01,07,Transport,121.3,0.92
2024-05-01,08,Information & Communication,94.3,0.43
2024-05-01,09,"Recreation, Sport & Culture",119.3,1.88
2024-05-01,10,Education,126.5,1.52
2024-05-01,11,Restaurant & Accommodation Services,151.6,3.2
2024-05-01,12,Insurance & Financial Services,110.2,-0.09
2024-05-01,13,Personal Care & Miscellaneous,125.6,3.04
2024-05-01,overall,Overall CPI,132.8,2.0
2024-06-01,01,Food & Beverages,154.9,1.97
2024-06-01,02,Alcoholic Beverages & Tobacco,172.3,0.7
2024-06-01,03,Clothing & Footwear,93.3,-0.11
2024-06-01,04,"Housing, Water, Electricity, Gas & Other Fuels",129.3,3.19
2024-06-01,05,Furnishings & Household Maintenance,126.6,0.88
2024-06-01,06,Health,130.2,1.8
2024-06-01,07,Transport,121.9,1.16
2024-06-01,08,Information & Communication,94.3,0.32
2024-06-01,09,"Recreation, Sport & Culture",119.6,1.87
2024-06-01,10,Education,126.8,1.68
2024-06-01,11,Restaurant & Accommodation Services,152.0,3.33
2024-06-01,12,Insurance & Financial Services,110.2,-0.09
2024-06-01,13,Personal Care & Miscellaneous,125.5,2.78
2024-06-01,overall,Overall CPI,133.0,1.99
2024-07-01,01,Food & Beverages,155.0,1.64
2024-07-01,02,Alcoholic Beverages & Tobacco,172.6,0.88
2024-07-01,03,Clothing & Footwear,93.3,-0.21
2024-07-01,04,"Housing, Water, Electricity, Gas & Other Fuels",129.3,3.19
2024-07-01,05,Furnishings & Household Maintenance,126.8,0.88
2024-07-01,06,Health,130.6,1.87
2024-07-01,07,Transport,122.1,1.24
2024-07-01,08,Information & Communication,94.4,0.53
2024-07-01,09,"Recreation, Sport & Culture",119.7,2.22
2024-07-01,10,Education,127.0,1.68
2024-07-01,11,Restaurant & Accommodation Services,152.6,3.39
2024-07-01,12,Insurance & Financial Services,110.8,0.54
2024-07-01,13,Personal Care & Miscellaneous,125.9,3.2
2024-07-01,overall,Overall CPI,133.1,1.99
2024-08-01,01,Food & Beverages,155.1,1.64
2024-08-01,02,Alcoholic Beverages & Tobacco,172.9,1.05
2024-08-01,03,Clothing & Footwear,93.2,-0.21
2024-08-01,04,"Housing, Water, Electricity, Gas & Other Fuels",129.6,3.1
2024-08-01,05,Furnishings & Household Maintenance,126.8,0.71
2024-08-01,06,Health,130.8,1.55
2024-08-01,07,Transport,122.2,1.33
2024-08-01,08,Information & Communication,94.4,0.53
2024-08-01,09,"Recreation, Sport & Culture",119.7,2.05
2024-08-01,10,Education,127.0,1.52
2024-08-01,11,Restaurant & Accommodation Services,152.7,3.18
2024-08-01,12,Insurance & Financial Services,110.8,0.54
2024-08-01,13,Personal Care & Miscellaneous,126.0,3.19
2024-08-01,overall,Overall CPI,133.2,1.91
2024-09-01,01,Food & Beverages,155.2,1.57
2024-09-01,02,Alcoholic Beverages & Tobacco,173.0,0.76
2024-09-01,03,Clothing & Footwear,93.2,-0.32
2024-09-01,04,"Housing, Water, Electricity, Gas & Other Fuels",129.6,3.1
2024-09-01,05,Furnishings & Household Maintenance,126.7,0.64
2024-09-01,06,Health,130.7,1.55
2024-09-01,07,Transport,121.9,1.08
2024-09-01,08,Information & Communication,94.3,0.43
2024-09-01,09,"Recreation, Sport & Culture",119.7,2.13
2024-09-01,10,Education,127.0,1.52
2024-09-01,11,Restaurant & Accommodation Services,152.8,3.17
2024-09-01,12,Insurance & Financial Services,110.8,0.54
2024-09-01,13,Personal Care & Miscellaneous,126.1,3.11
2024-09-01,overall,Overall CPI,133.2,1.83
2024-10-01,01,Food & Beverages,156.5,2.29
2024-10-01,02,Alcoholic Beverages & Tobacco,173.1,0.82
2024-10-01,03,Clothing & Footwear,93.2,-0.21
2024-10-01,04,"Housing, Water, Electricity, Gas & Other Fuels",129.6,3.1
2024-10-01,05,Furnishings & Household Maintenance,126.6,0.48
2024-10-01,06,Health,130.8,1.4
2024-10-01,07,Transport,121.7,0.75
2024-10-01,08,Information & Communication,92.3,-1.7
2024-10-01,09,"Recreation, Sport & Culture",119.6,2.05
2024-10-01,10,Education,127.2,1.52
2024-10-01,11,Restaurant & Accommodation Services,153.0,2.82
2024-10-01,12,Insurance & Financial Services,110.8,0.54
2024-10-01,13,Personal Care & Miscellaneous,126.4,3.35
2024-10-01,overall,Overall CPI,133.4,1.91
2024-11-01,01,Food & Beverages,156.5,2.56
2024-11-01,02,Alcoholic Beverages & Tobacco,173.1,0.76
2024-11-01,03,Clothing & Footwear,93.1,-0.32
2024-11-01,04,"Housing, Water, Electricity, Gas & Other Fuels",130.0,3.17
2024-11-01,05,Furnishings & Household Maintenance,126.7,0.48
2024-11-01,06,Health,130.8,1.16
2024-11-01,07,Transport,121.4,0.41
2024-11-01,08,Information & Communication,90.2,-3.94
2024-11-01,09,"Recreation, Sport & Culture",119.7,2.05
2024-11-01,10,Education,127.2,1.52
2024-11-01,11,Restaurant & Accommodation Services,153.2,2.82
2024-11-01,12,Insurance & Financial Services,110.8,0.54
2024-11-01,13,Personal Care & Miscellaneous,127.0,3.42
2024-11-01,overall,Overall CPI,133.3,1.83
2024-12-01,01,Food & Beverages,157.2,2.75
2024-12-01,02,Alcoholic Beverages & Tobacco,172.9,0.76
2024-12-01,03,Clothing & Footwear,92.9,-0.54
2024-12-01,04,"Housing, Water, Electricity, Gas & Other Fuels",130.0,3.17
2024-12-01,05,Furnishings & Household Maintenance,126.6,0.4
2024-12-01,06,Health,130.9,1.08
2024-12-01,07,Transport,121.8,0.41
2024-12-01,08,Information & Communication,88.7,-5.44
2024-12-01,09,"Recreation, Sport & Culture",119.8,1.7
2024-12-01,10,Education,127.2,1.52
2024-12-01,11,Restaurant & Accommodation Services,153.6,2.95
2024-12-01,12,Insurance & Financial Services,110.8,0.54
2024-12-01,13,Personal Care & Miscellaneous,127.0,3.17
2024-12-01,overall,Overall CPI,133.4,1.68
2025-01-01,01,Food & Beverages,157.4,2.54
2025-01-01,02,Alcoholic Beverages & Tobacco,173.1,0.93
2025-01-01,03,Clothing & Footwear,93.0,-0.32
2025-01-01,04,"Housing, Water, Electricity, Gas & Other Fuels",130.1,2.85
2025-01-01,05,Furnishings & Household Maintenance,126.7,0.48
2025-01-01,06,Health,131.3,1.16
2025-01-01,07,Transport,122.3,0.91
2025-01-01,08,Information & Communication,88.8,-5.33
2025-01-01,09,"Recreation, Sport & Culture",119.9,1.78
2025-01-01,10,Education,127.5,1.59
2025-01-01,11,Restaurant & Accommodation Services,154.3,3.49
2025-01-01,12,Insurance & Financial Services,110.9,0.64
2025-01-01,13,Personal Care & Miscellaneous,127.3,3.33
2025-01-01,overall,Overall CPI,133.6,1.67
2025-02-01,01,Food & Beverages,157.7,2.47
2025-02-01,02,Alcoholic Beverages & Tobacco,173.1,0.93
2025-02-01,03,Clothing & Footwear,93.1,-0.21
2025-02-01,04,"Housing, Water, Electricity, Gas & Other Fuels",131.0,2.26
2025-02-01,05,Furnishings & Household Maintenance,126.6,0.32
2025-02-01,06,Health,131.5,1.0
2025-02-01,07,Transport,122.6,0.74
2025-02-01,08,Information & Communication,88.8,-5.33
2025-02-01,09,"Recreation, Sport & Culture",120.0,1.52
2025-02-01,10,Education,128.1,1.91
2025-02-01,11,Restaurant & Accommodation Services,155.2,3.47
2025-02-01,12,Insurance & Financial Services,111.8,1.45
2025-02-01,13,Personal Care & Miscellaneous,128.2,3.72
2025-02-01,overall,Overall CPI,134.1,1.51
2025-03-01,01,Food & Beverages,157.8,2.53
2025-03-01,02,Alcoholic Beverages & Tobacco,173.1,0.76
2025-03-01,03,Clothing & Footwear,93.1,-0.21
2025-03-01,04,"Housing, Water, Electricity, Gas & Other Fuels",131.0,1.95
2025-03-01,05,Furnishings & Household Maintenance,126.7,0.24
2025-03-01,06,Health,131.5,1.0
2025-03-01,07,Transport,122.3,0.66
2025-03-01,08,Information & Communication,88.7,-5.44
2025-03-01,09,"Recreation, Sport & Culture",120.0,1.69
2025-03-01,10,Education,128.7,2.22
2025-03-01,11,Restaurant & Accommodation Services,155.0,2.92
2025-03-01,12,Insurance & Financial Services,111.8,1.45
2025-03-01,13,Personal Care & Miscellaneous,128.6,3.63
2025-03-01,overall,Overall CPI,134.1,1.44
2025-04-01,01,Food & Beverages,157.7,2.34
2025-04-01,02,Alcoholic Beverages & Tobacco,173.2,0.76
2025-04-01,03,Clothing & Footwear,93.1,-0.11
2025-04-01,04,"Housing, Water, Electricity, Gas & Other Fuels",131.1,2.02
2025-04-01,05,Furnishings & Household Maintenance,126.6,0.08
2025-04-01,06,Health,131.6,0.92
2025-04-01,07,Transport,122.3,0.74
2025-04-01,08,Information & Communication,89.5,-4.48
2025-04-01,09,"Recreation, Sport & Culture",120.5,1.26
2025-04-01,10,Education,129.0,2.3
2025-04-01,11,Restaurant & Accommodation Services,155.5,2.91
2025-04-01,12,Insurance & Financial Services,111.8,1.45
2025-04-01,13,Personal Care & Miscellaneous,130.3,4.07
2025-04-01,overall,Overall CPI,134.3,1.44
2025-05-01,01,Food & Beverages,157.8,2.14
2025-05-01,02,Alcoholic Beverages & Tobacco,173.3,0.64
2025-05-01,03,Clothing & Footwear,93.1,-0.21
2025-05-01,04,"Housing, Water, Electricity, Gas & Other Fuels",131.5,1.7
2025-05-01,05,Furnishings & Household Maintenance,126.7,0.16
2025-05-01,06,Health,131.8,1.07
2025-05-01,07,Transport,122.1,0.66
2025-05-01,08,Information & Communication,89.4,-5.2
2025-05-01,09,"Recreation, Sport & Culture",120.4,0.92
2025-05-01,10,Education,129.3,2.21
2025-05-01,11,Restaurant & Accommodation Services,156.1,2.97
2025-05-01,12,Insurance & Financial Services,111.8,1.45
2025-05-01,13,Personal Care & Miscellaneous,130.3,3.74
2025-05-01,overall,Overall CPI,134.4,1.2
2025-06-01,01,Food & Beverages,158.1,2.07
2025-06-01,02,Alcoholic Beverages & Tobacco,173.3,0.58
2025-06-01,03,Clothing & Footwear,93.0,-0.32
2025-06-01,04,"Housing, Water, Electricity, Gas & Other Fuels",131.5,1.7
2025-06-01,05,Furnishings & Household Maintenance,126.7,0.08
2025-06-01,06,Health,131.8,1.23
2025-06-01,07,Transport,122.3,0.33
2025-06-01,08,Information & Communication,89.2,-5.41
2025-06-01,09,"Recreation, Sport & Culture",120.5,0.75
2025-06-01,10,Education,129.6,2.21
2025-06-01,11,Restaurant & Accommodation Services,156.2,2.76
2025-06-01,12,Insurance & Financial Services,111.8,1.45
2025-06-01,13,Personal Care & Miscellaneous,130.8,4.22
2025-06-01,overall,Overall CPI,134.5,1.13
2025-07-01,01,Food & Beverages,158.0,1.94
2025-07-01,02,Alcoholic Beverages & Tobacco,173.6,0.58
2025-07-01,03,Clothing & Footwear,93.1,-0.21
2025-07-01,04,"Housing, Water, Electricity, Gas & Other Fuels",131.0,1.31
2025-07-01,05,Furnishings & Household Maintenance,126.9,0.08
2025-07-01,06,Health,132.2,1.23
2025-07-01,07,Transport,122.6,0.41
2025-07-01,08,Information & Communication,88.4,-6.36
2025-07-01,09,"Recreation, Sport & Culture",120.6,0.75
2025-07-01,10,Education,129.8,2.2
2025-07-01,11,Restaurant & Accommodation Services,157.4,3.15
2025-07-01,12,Insurance & Financial Services,116.9,5.51
2025-07-01,13,Personal Care & Miscellaneous,130.8,3.89
2025-07-01,overall,Overall CPI,134.7,1.2
2025-08-01,01,Food & Beverages,158.2,2.0
2025-08-01,02,Alcoholic Beverages & Tobacco,173.6,0.4
2025-08-01,03,Clothing & Footwear,93.1,-0.11
2025-08-01,04,"Housing, Water, Electricity, Gas & Other Fuels",131.2,1.23
2025-08-01,05,Furnishings & Household Maintenance,127.0,0.16
2025-08-01,06,Health,132.3,1.15
2025-08-01,07,Transport,122.5,0.25
2025-08-01,08,Information & Communication,89.1,-5.61
2025-08-01,09,"Recreation, Sport & Culture",120.8,0.92
2025-08-01,10,Education,130.0,2.36
2025-08-01,11,Restaurant & Accommodation Services,158.0,3.47
2025-08-01,12,Insurance & Financial Services,117.0,5.6
2025-08-01,13,Personal Care & Miscellaneous,131.1,4.05
2025-08-01,overall,Overall CPI,134.9,1.28
2025-09-01,01,Food & Beverages,158.5,2.13
2025-09-01,02,Alcoholic Beverages & Tobacco,173.6,0.35
2025-09-01,03,Clothing & Footwear,93.0,-0.21
2025-09-01,04,"Housing, Water, Electricity, Gas & Other Fuels",131.6,1.54
2025-09-01,05,Furnishings & Household Maintenance,127.0,0.24
2025-09-01,06,Health,132.4,1.3
2025-09-01,07,Transport,122.7,0.66
2025-09-01,08,Information & Communication,90.1,-4.45
2025-09-01,09,"Recreation, Sport & Culture",120.8,0.92
2025-09-01,10,Education,130.0,2.36
2025-09-01,11,Restaurant & Accommodation Services,157.9,3.34
2025-09-01,12,Insurance & Financial Services,117.0,5.6
2025-09-01,13,Personal Care & Miscellaneous,132.1,4.76
2025-09-01,overall,Overall CPI,135.2,1.5
2025-10-01,01,Food & Beverages,158.8,1.47
2025-10-01,02,Alcoholic Beverages & Tobacco,173.6,0.29
2025-10-01,03,Clothing & Footwear,92.9,-0.32
2025-10-01,04,"Housing, Water, Electricity, Gas & Other Fuels",131.0,1.08
2025-10-01,05,Furnishings & Household Maintenance,127.0,0.32
2025-10-01,06,Health,132.7,1.45
2025-10-01,07,Transport,121.6,-0.08
2025-10-01,08,Information & Communication,90.1,-2.38
2025-10-01,09,"Recreation, Sport & Culture",121.0,1.17
2025-10-01,10,Education,130.3,2.44
2025-10-01,11,Restaurant & Accommodation Services,158.2,3.4
2025-10-01,12,Insurance & Financial Services,117.0,5.6
2025-10-01,13,Personal Care & Miscellaneous,134.0,6.01
2025-10-01,overall,Overall CPI,135.1,1.27
2025-11-01,01,Food & Beverages,158.8,1.47
2025-11-01,02,Alcoholic Beverages & Tobacco,177.2,2.37
2025-11-01,03,Clothing & Footwear,93.0,-0.11
2025-11-01,04,"Housing, Water, Electricity, Gas & Other Fuels",130.9,0.69
2025-11-01,05,Furnishings & Household Maintenance,127.0,0.24
2025-11-01,06,Health,132.7,1.45
2025-11-01,07,Transport,121.6,0.16
2025-11-01,08,Information & Communication,89.0,-1.33
2025-11-01,09,"Recreation, Sport & Culture",121.1,1.17
2025-11-01,10,Education,130.5,2.59
2025-11-01,11,Restaurant & Accommodation Services,158.4,3.39
2025-11-01,12,Insurance & Financial Services,117.0,5.6
2025-11-01,13,Personal Care & Miscellaneous,134.1,5.59
2025-11-01,overall,Overall CPI,135.1,1.35
2025-12-01,01,Food & Beverages,159.5,1.46
2025-12-01,02,Alcoholic Beverages & Tobacco,177.3,2.54
2025-12-01,03,Clothing & Footwear,93.0,0.11
2025-12-01,04,"Housing, Water, Electricity, Gas & Other Fuels",131.2,0.92
2025-12-01,05,Furnishings & Household Maintenance,127.0,0.32
2025-12-01,06,Health,132.9,1.53
2025-12-01,07,Transport,121.9,0.08
2025-12-01,08,Information & Communication,89.5,0.9
2025-12-01,09,"Recreation, Sport & Culture",120.8,0.83
2025-12-01,10,Education,130.7,2.75
2025-12-01,11,Restaurant & Accommodation Services,158.4,3.13
2025-12-01,12,Insurance & Financial Services,117.0,5.6
2025-12-01,13,Personal Care & Miscellaneous,134.3,5.75
2025-12-01,overall,Overall CPI,135.5,1.57
2026-01-01,01,Food & Beverages,159.8,1.52
2026-01-01,02,Alcoholic Beverages & Tobacco,177.4,2.48
2026-01-01,03,Clothing & Footwear,93.0,0.0
2026-01-01,04,"Housing, Water, Electricity, Gas & Other Fuels",131.6,1.15
2026-01-01,05,Furnishings & Household Maintenance,126.9,0.16
2026-01-01,06,Health,133.1,1.37
2026-01-01,07,Transport,121.4,-0.74
2026-01-01,08,Information & Communication,89.4,0.68
2026-01-01,09,"Recreation, Sport & Culture",121.0,0.92
2026-01-01,10,Education,131.6,3.22
2026-01-01,11,Restaurant & Accommodation Services,158.9,2.98
2026-01-01,12,Insurance & Financial Services,117.0,5.5
2026-01-01,13,Personal Care & Miscellaneous,135.7,6.6
2026-01-01,overall,Overall CPI,135.7,1.57
2026-02-01,01,Food & Beverages,159.8,1.33
2026-02-01,02,Alcoholic Beverages & Tobacco,177.6,2.6
2026-02-01,03,Clothing & Footwear,93.1,0.0
2026-02-01,04,"Housing, Water, Electricity, Gas & Other Fuels",132.5,1.15
2026-02-01,05,Furnishings & Household Maintenance,126.9,0.24
2026-02-01,06,Health,133.1,1.22
2026-02-01,07,Transport,121.7,-0.73
2026-02-01,08,Information & Communication,89.2,0.45
2026-02-01,09,"Recreation, Sport & Culture",121.0,0.83
2026-02-01,10,Education,131.7,2.81
2026-02-01,11,Restaurant & Accommodation Services,159.1,2.51
2026-02-01,12,Insurance & Financial Services,117.0,4.65
2026-02-01,13,Personal Care & Miscellaneous,137.0,6.86
2026-02-01,overall,Overall CPI,136.0,1.42
2026-03-01,01,Food & Beverages,159.6,1.14
2026-03-01,02,Alcoholic Beverages & Tobacco,177.8,2.72
2026-03-01,03,Clothing & Footwear,93.0,-0.11
2026-03-01,04,"Housing, Water, Electricity, Gas & Other Fuels",132.6,1.22
2026-03-01,05,Furnishings & Household Maintenance,126.8,0.08
2026-03-01,06,Health,133.3,1.37
2026-03-01,07,Transport,124.2,1.55
2026-03-01,08,Information & Communication,89.9,1.35
2026-03-01,09,"Recreation, Sport & Culture",121.2,1.0
2026-03-01,10,Education,131.9,2.49
2026-03-01,11,Restaurant & Accommodation Services,159.0,2.58
2026-03-01,12,Insurance & Financial Services,117.3,4.92
2026-03-01,13,Personal Care & Miscellaneous,137.6,7.0
2026-03-01,overall,Overall CPI,136.4,1.72
2026-04-01,01,Food & Beverages,159.6,1.2
2026-04-01,02,Alcoholic Beverages & Tobacco,178.1,2.83
2026-04-01,03,Clothing & Footwear,93.0,-0.11
2026-04-01,04,"Housing, Water, Electricity, Gas & Other Fuels",132.5,1.07
2026-04-01,05,Furnishings & Household Maintenance,127.1,0.39
2026-04-01,06,Health,133.5,1.44
2026-04-01,07,Transport,127.3,4.09
2026-04-01,08,Information & Communication,91.3,2.01
2026-04-01,09,"Recreation, Sport & Culture",121.6,0.91
2026-04-01,10,Education,132.1,2.4
2026-04-01,11,Restaurant & Accommodation Services,159.6,2.64
2026-04-01,12,Insurance & Financial Services,117.3,4.92
2026-04-01,13,Personal Care & Miscellaneous,136.6,4.83
2026-04-01,overall,Overall CPI,136.9,1.94
2026-05-01,01,Food & Beverages,160.0,1.39
2026-05-01,02,Alcoholic Beverages & Tobacco,178.1,2.77
2026-05-01,03,Clothing & Footwear,93.0,-0.11
2026-05-01,04,"Housing, Water, Electricity, Gas & Other Fuels",133.1,1.22
2026-05-01,05,Furnishings & Household Maintenance,127.2,0.39
2026-05-01,06,Health,133.4,1.21
2026-05-01,07,Transport,126.7,3.77
2026-05-01,08,Information & Communication,91.3,2.13
2026-05-01,09,"Recreation, Sport & Culture",121.7,1.08
2026-05-01,10,Education,132.2,2.24
2026-05-01,11,Restaurant & Accommodation Services,160.0,2.5
2026-05-01,12,Insurance & Financial Services,117.3,4.92
2026-05-01,13,Personal Care & Miscellaneous,136.5,4.76
2026-05-01,overall,Overall CPI,137.1,2.01
2026-06-01,01,Food & Beverages,160.3,1.39
2026-06-01,02,Alcoholic Beverages & Tobacco,178.2,2.83
2026-06-01,03,Clothing & Footwear,93.0,0.0
2026-06-01,04,"Housing, Water, Electricity, Gas & Other Fuels",133.3,1.37
2026-06-01,05,Furnishings & Household Maintenance,127.2,0.39
2026-06-01,06,Health,133.4,1.21
2026-06-01,07,Transport,125.7,2.78
2026-06-01,08,Information & Communication,91.3,2.35
2026-06-01,09,"Recreation, Sport & Culture",121.8,1.08
2026-06-01,10,Education,132.3,2.08
2026-06-01,11,Restaurant & Accommodation Services,160.2,2.56
2026-06-01,12,Insurance & Financial Services,118.2,5.72
2026-06-01,13,Personal Care & Miscellaneous,135.3,3.44
2026-06-01,overall,Overall CPI,137.1,1.93
2026-07-01,01,Food & Beverages,160.8,1.77
2026-07-01,02,Alcoholic Beverages & Tobacco,178.3,2.71
2026-07-01,03,Clothing & Footwear,93.2,0.11
2026-07-01,04,"Housing, Water, Electricity, Gas & Other Fuels",133.4,1.83
2026-07-01,05,Furnishings & Household Maintenance,127.3,0.32
2026-07-01,06,Health,133.7,1.13
2026-07-01,07,Transport,124.3,1.39
2026-07-01,08,Information & Communication,91.4,3.39
2026-07-01,09,"Recreation, Sport & Culture",122.0,1.16
2026-07-01,10,Education,132.4,2.0
2026-07-01,11,Restaurant & Accommodation Services,160.6,2.03
2026-07-01,12,Insurance & Financial Services,118.2,1.11
2026-07-01,13,Personal Care & Miscellaneous,134.6,2.91
2026-07-01,overall,Overall CPI,137.1,1.78
